run,n_bad,n_low,n_low_layer,n_hot,n_hot_layer,n_outlier,brightness,run_ok,n_wires
21317,128,88,2,34,4,0,0.015074401858334703,False,574
21322,132,91,2,36,3,0,0.018305060504928247,False,574
21323,141,96,6,34,5,0,0.018993549862413847,False,574
21325,141,101,6,32,2,0,0.02102062005957317,False,574
21326,138,99,6,30,3,0,0.019453075589460595,False,574
21327,138,100,6,31,1,0,0.01991827913426272,False,574
21328,138,100,6,30,2,0,0.019551640493190817,False,574
21329,138,100,6,31,1,0,0.020205119687926286,False,574
21331,136,99,5,30,2,0,0.01922263589893542,False,574
21333,138,100,5,31,2,0,0.02052434424306898,False,574
21334,136,98,6,30,2,0,0.01978704865501773,False,574
21335,137,99,6,30,2,0,0.019490598334679976,False,574
21336,137,99,6,30,2,0,0.019917294669908478,False,574
21339,327,104,2,13,1,207,0.017224282044000432,False,574
21340,309,112,5,37,2,153,0.015983529209105847,False,574
21341,287,110,8,37,3,129,0.01586201917075413,False,574
21342,289,107,9,37,2,134,0.015623418117833745,False,574
21343,326,98,5,23,0,200,0.01774108423872584,False,574
21344,340,121,4,21,2,192,0.016748750673192255,False,574
21345,125,91,2,29,2,1,0.012144243974999028,False,574
21346,122,93,3,24,2,0,0.01096323892514573,False,574
21347,120,95,1,22,2,0,0.010132685486023555,False,574
21348,120,97,1,20,2,0,0.009732550019571674,False,574
21349,135,89,1,30,1,14,0.005688041625948902,False,574
21350,120,91,1,25,3,0,0.006915400270999261,False,574
21351,119,94,1,21,3,0,0.009007675949608787,False,574
21352,107,94,1,12,0,0,0.01178138756496409,False,574
21353,104,92,1,10,1,0,0.013385161992468227,False,574
21354,103,90,1,10,2,0,0.012560706968266316,False,574
21355,97,88,0,8,1,0,0.013794527623457429,False,574
21356,97,86,1,8,2,0,0.014034652178076798,False,574
21357,91,82,1,8,0,0,0.015023887728099934,False,574
21358,83,76,1,6,0,0,0.01525170770088451,False,574
21380,5,1,0,1,0,3,0.4514925458180059,True,13
21383,2,1,0,0,0,1,0.850442886531154,True,5
21385,12,9,3,0,0,0,0.03021841695771282,False,575
21386,11,9,2,0,0,0,0.029937753611830854,False,575
21387,12,9,3,0,0,0,0.029291162644442707,False,575
21388,11,9,2,0,0,0,0.028717568863740946,False,575
21389,11,9,2,0,0,0,0.028847122107665255,False,575
21390,12,11,1,0,0,0,0.030716500641854737,False,575
21391,12,9,3,0,0,0,0.028883099098220774,False,575
21392,12,10,2,0,0,0,0.02824600215694317,False,575
21393,12,11,1,0,0,0,0.027457429964654667,False,575
21394,12,11,0,0,0,1,0.03187780536383271,False,576
21395,17,11,2,4,0,0,0.027338299514041372,False,575
21397,12,11,1,0,0,0,0.02691748723713145,False,575
21398,12,11,1,0,0,0,0.02645400956220311,False,575
21399,12,11,1,0,0,0,0.026472318334976125,False,575
21400,12,11,1,0,0,0,0.026288011436756832,False,575
21401,12,11,1,0,0,0,0.02602423469833023,False,575
21402,12,11,1,0,0,0,0.026096227214945686,False,575
21403,12,11,1,0,0,0,0.026263914289880192,False,575
21404,13,11,2,0,0,0,0.02678416298056572,False,575
21405,12,11,1,0,0,0,0.02585348009055155,False,575
21406,11,9,2,0,0,0,0.029784690513580434,False,575
21407,21,21,0,0,0,0,0.025934998202711567,False,575
21414,21,20,1,0,0,0,0.02633317244091679,False,575
21415,21,20,1,0,0,0,0.04751519106495909,False,575
21416,13,11,2,0,0,0,0.058368432514267,False,576
21418,4,4,0,0,0,0,0.05341779074405513,False,576
21422,4,4,0,0,0,0,0.0553783050992489,False,576
21423,4,4,0,0,0,0,0.05375893955931457,False,576
21424,5,3,0,1,0,1,0.0701109191550996,False,576
21425,14,10,4,0,0,0,0.049687728832874326,False,576
21426,4,4,0,0,0,0,0.06802176559902928,False,576
21427,5,3,0,1,0,1,0.09323302096142806,False,576
21428,13,9,4,0,0,0,0.06555711925771335,False,576
21429,3,3,0,0,0,0,0.08003115933063218,False,576
21430,4,3,0,0,0,1,0.11646186920021637,True,576
21432,22,21,1,0,0,0,0.05111522886100138,False,574
21433,4,4,0,0,0,0,0.08788121214637189,False,576
21434,5,5,0,0,0,0,0.0796893641909115,False,575
21435,5,5,0,0,0,0,0.06481526922485409,False,575
21458,24,19,0,0,1,4,0.27790762079753606,True,576
21459,23,18,0,1,0,4,0.30193155474804934,True,576
21460,22,20,0,1,0,1,0.28664478732679916,True,576
21464,29,27,0,0,0,2,0.12316879148773667,True,576
21465,44,31,0,11,0,2,0.1973665749015578,True,576
21468,29,29,0,0,0,0,0.26488438358783417,True,576
21469,27,26,1,0,0,0,0.3030037711695629,True,576
21471,27,25,0,0,1,1,0.3347630996569884,True,576
21472,26,25,0,0,1,0,0.36382642871470416,True,576
21473,25,25,0,0,0,0,0.28195769565254014,True,576
21475,26,25,0,0,0,1,0.2984366305963877,True,576
21476,25,25,0,0,0,0,0.413242982792665,True,576
21478,25,25,0,0,0,0,0.3483513518605502,True,576
21479,20,20,0,0,0,0,0.448285734124391,True,572
21481,25,25,0,0,0,0,0.39652661680203705,True,576
21482,25,24,0,0,0,1,0.44660341605578713,True,576
21483,25,25,0,0,0,0,0.3308400358763727,True,576
21484,25,25,0,0,0,0,0.33343968621759856,True,576
21485,25,25,0,0,0,0,0.3348551966265302,True,576
21486,25,25,0,0,0,0,0.33461857368158265,True,576
21489,27,26,0,0,1,0,0.3152636934549554,True,576
21493,27,26,0,0,1,0,0.33830539786069314,True,576
21494,31,30,0,0,1,0,0.3371022957468122,True,576
21496,30,29,0,0,1,0,0.3361443305881131,True,576
21497,29,29,0,0,0,0,0.3110793438988386,True,576
21499,31,31,0,0,0,0,0.31761591480443385,True,576
21500,32,31,0,0,1,0,0.33569880015787795,True,576
21502,32,31,0,0,1,0,0.33579352577810595,True,576
21503,32,31,0,0,1,0,0.3338547907399376,True,576
21504,32,31,0,0,1,0,0.3338876881983174,True,576
21505,31,31,0,0,0,0,0.3357463609586808,True,576
21506,31,31,0,0,0,0,0.3332415214630516,True,576
21507,31,31,0,0,0,0,0.3352760112397022,True,576
21508,31,31,0,0,0,0,0.3376404118036338,True,576
21509,31,31,0,0,0,0,0.3398182908658452,True,576
21513,33,32,0,0,1,0,0.3482578533875422,True,576
21515,33,32,0,0,1,0,0.35632006315299636,True,576
21516,33,32,0,0,1,0,0.3529890978294409,True,576
21517,31,31,0,0,0,0,0.3386868815721076,True,576
21518,31,31,0,0,0,0,0.3384908712121018,True,576
21520,51,38,0,0,0,13,0.33979929574144163,True,576
21521,31,31,0,0,0,0,0.3394407045331165,True,576
21522,31,31,0,0,0,0,0.33783230997604924,True,576
21524,32,31,0,0,1,0,0.3375038970827993,True,576
21525,32,31,0,0,0,1,0.3386574162297421,True,576
21533,32,31,0,0,1,0,1.1495090202504148,True,576
21534,32,31,0,0,1,0,1.1473035449123947,True,576
21536,32,31,0,0,1,0,1.1500377840667222,True,576
21537,32,31,0,0,1,0,1.146423813475233,True,576
21538,32,31,0,0,1,0,1.1503684603803,True,576
21539,32,31,0,0,1,0,1.1484879181136654,True,576
21541,33,32,0,0,1,0,1.109607119455893,True,576
21542,34,33,0,0,1,0,1.1518525469235736,True,576
21543,36,33,1,0,1,1,1.1147392698725591,True,576
21547,66,22,0,27,0,17,0.01225776293112223,False,82
21548,66,23,0,27,1,15,0.012792767044008783,False,81
21551,54,38,0,15,0,1,0.8507633460957977,True,498
21552,53,33,2,17,1,0,0.6564193543638832,True,485
21553,53,32,2,18,1,0,0.6280598660646839,True,484
21554,52,33,2,17,0,0,0.49442619442169516,True,484
21556,54,34,2,17,1,0,0.4962587537188251,True,485
21558,52,33,2,17,0,0,0.6524159179310779,True,485
21559,52,32,2,17,1,0,0.6586867534550089,True,485
21562,51,32,1,17,1,0,0.6241820908230327,True,484
21563,82,66,0,11,0,5,1.108284718761313,True,530
21564,80,68,0,11,0,1,1.1002922520410536,True,529
21565,79,67,0,11,0,1,1.1520305503580153,True,528
21566,73,62,0,10,1,0,1.1508543757471992,True,523
21567,76,65,0,11,0,0,1.124962043848445,True,526
21568,77,66,0,11,0,0,1.1519768158551313,True,526
21569,72,61,0,11,0,0,1.1568954089972454,True,521
21571,70,59,0,11,0,0,1.157828787284035,True,518
21572,73,61,1,11,0,0,1.123691469682924,True,521
21573,73,62,0,11,0,0,1.1604095975474575,True,522
21574,74,63,0,10,1,0,1.1659257426436898,True,523
21575,74,63,0,11,0,0,1.1549503407480597,True,523
21576,70,59,0,11,0,0,1.1696531726715231,True,518
21580,75,64,0,11,0,0,1.1366006975780896,True,522
21581,75,64,0,11,0,0,1.1273459948110858,True,523
21582,89,75,0,11,2,1,1.1655584294113304,True,532
21583,85,72,0,12,1,0,1.173016700523197,True,530
21586,81,69,0,10,2,0,1.1546653005737597,True,527
21587,79,67,0,10,2,0,1.1598649929046452,True,525
21588,70,59,0,11,0,0,1.1568716223984035,True,517
21589,73,61,0,11,0,1,1.1567817933950515,True,519
21590,70,59,0,11,0,0,1.1829135788402918,True,516
21591,71,60,0,11,0,0,1.1733373905879738,True,517
21592,73,62,0,11,0,0,1.1707509971457193,True,519
21593,72,61,0,11,0,0,1.1665553795501744,True,518
21596,73,62,0,10,1,0,1.165967753271612,True,519
21597,71,60,0,10,1,0,1.163844550590512,True,517
21598,73,62,0,11,0,0,1.1718352205740121,True,519
21599,71,60,0,11,0,0,1.1741417492859902,True,517
21600,69,57,1,11,0,0,1.1606455261787714,True,514
21602,72,60,1,11,0,0,1.170447979755921,True,517
21604,51,35,0,12,0,4,0.4423696177304628,True,491
21606,69,58,0,11,0,0,1.1774927349648123,True,514
21610,67,56,0,11,0,0,1.1703049345112526,True,513
21611,69,58,0,11,0,0,1.0904175753337184,True,515
21626,69,58,0,8,3,0,1.1737100519014714,True,516
21627,67,55,0,10,2,0,1.153924049690795,True,511
21628,69,57,0,10,2,0,1.1702822011810037,True,512
21632,93,62,0,16,1,14,0.7520851321239832,True,515
21633,67,56,0,8,3,0,1.183784258751551,True,511
21634,67,56,0,8,3,0,1.1882443112197423,True,511
21635,60,50,0,8,2,0,1.2289083371788803,True,505
21636,57,48,0,8,1,0,1.2364625819075026,True,503
21638,53,44,0,6,2,1,1.286162067767144,True,499
21639,56,47,0,7,2,0,1.276065215423937,True,502
21640,62,53,0,8,1,0,1.2189703922396902,True,508
21642,67,57,0,9,1,0,1.1429236530033344,True,511
21643,66,56,0,9,1,0,1.1832483643053284,True,510
21646,65,55,0,9,1,0,1.1443006343233035,True,509
21647,65,55,0,8,2,0,1.1840918077736062,True,510
21648,65,55,0,10,0,0,1.1484002073493897,True,510
21649,55,42,0,9,2,2,1.1948192288473907,True,498
21651,49,38,0,9,2,0,1.1998970361320924,True,492
21652,50,39,0,10,1,0,1.1582064748276402,True,492
21653,49,33,1,2,0,13,1.45773798766061,True,522
21654,45,29,2,2,0,12,1.4700201980397802,True,518
21655,38,30,0,2,0,6,1.4517159662322494,True,518
21657,47,41,4,2,0,0,1.4594569529763755,True,518
21658,33,30,1,2,0,0,1.4415309499103188,True,517
21660,34,30,2,2,0,0,1.4544007753581212,True,517
21661,35,31,2,2,0,0,1.455237610309865,True,518
21662,64,58,2,2,2,0,1.2128130928223086,True,538
21664,63,58,1,2,2,0,1.216711504886021,True,539
21665,64,58,2,2,2,0,1.2228763404691514,True,539
21668,64,58,2,2,2,0,1.2198632639416371,True,539
21669,63,57,2,2,2,0,1.2227332567837998,True,539
21670,64,58,2,2,2,0,1.226138301309637,True,539
21671,68,61,1,2,2,2,1.2279194895658154,True,539
21673,63,57,2,2,2,0,1.1950590815586044,True,539
21675,64,57,2,2,2,1,1.21633035765976,True,539
21676,81,67,3,7,1,3,0.9870423042332939,True,539
21677,83,71,1,9,1,1,0.8031053173980733,True,537
21678,66,56,4,2,2,2,1.211340865650035,True,538
21679,66,57,3,2,2,2,1.2112775042481654,True,539
21680,66,61,2,2,1,0,1.222881996735517,True,538
21681,62,55,3,2,2,0,1.2270296885710097,True,539
21682,71,68,1,2,0,0,1.2288578819839584,True,538
21684,61,57,1,2,1,0,1.2085478813084913,True,539
21685,61,57,1,2,1,0,1.2182312476056656,True,539
21686,60,56,1,2,1,0,1.1850880484496011,True,539
21687,65,61,0,2,2,0,1.21410481415449,True,538
21689,65,61,0,2,2,0,1.2211893779718435,True,538
21691,65,61,0,2,2,0,1.2296146529654517,True,538
21692,65,61,0,2,2,0,1.223529165317832,True,538
21693,67,61,2,2,2,0,1.2106113875406685,True,538
21694,69,63,2,2,2,0,1.1797400712371868,True,538
21695,70,65,1,3,1,0,0.9941263022172974,True,538
21696,69,63,2,2,2,0,1.1973615128017223,True,538
21697,95,74,0,10,0,11,0.632456149566816,True,538
21700,65,62,1,2,0,0,1.212752619250694,True,538
21705,62,60,0,2,0,0,1.2071401334121283,True,537
21709,69,64,1,2,2,0,1.1726553222588594,True,538
21711,67,61,2,2,2,0,1.2140903055460408,True,535
21712,64,61,0,2,1,0,1.2218497439417981,True,538
21717,58,56,1,1,0,0,1.267675872132435,True,537
21718,59,56,2,1,0,0,1.2709706577748574,True,537
21719,58,55,2,1,0,0,1.2800125878090816,True,537
21720,59,56,2,1,0,0,1.2736927038240622,True,537
21722,59,57,1,1,0,0,1.2735366971208588,True,537
21725,59,58,0,1,0,0,1.2739872444936093,True,537
21726,60,58,1,1,0,0,1.2333678072050134,True,536
21729,71,69,1,1,0,0,1.2577552300719141,True,535
21731,71,70,0,1,0,0,1.2579903307117322,True,535
21732,69,65,3,1,0,0,1.258980942263621,True,529
21734,71,69,1,1,0,0,1.2476317992293282,True,531
21735,66,63,2,1,0,0,1.26043300109799,True,525
21736,68,65,2,1,0,0,1.215982722097705,True,526
21737,63,61,1,1,0,0,1.2524711806414874,True,524
21738,65,62,2,1,0,0,1.268196024616254,True,525
21739,76,74,1,1,0,0,1.1939691904567482,True,536
21740,72,71,0,1,0,0,1.2700920174985653,True,536
21741,76,74,1,1,0,0,1.2041475015045133,True,536
21743,73,72,0,1,0,0,1.2673803139927458,True,536
21744,91,81,1,3,2,4,1.0731203619923897,True,537
21745,72,71,0,1,0,0,1.2675539657112274,True,536
21746,72,71,0,1,0,0,1.2568073822718149,True,536
21747,73,72,0,1,0,0,1.2584620139245535,True,536
21749,62,58,3,1,0,0,1.2565613117773866,True,523
21754,65,61,3,1,0,0,1.2562771331050362,True,526
21755,67,64,2,1,0,0,1.2001684459666284,True,527
21756,63,60,2,1,0,0,1.2685822156495994,True,525
21757,63,59,3,1,0,0,1.248880754887941,True,526
21758,62,57,4,1,0,0,1.2554992529495284,True,526
21759,62,59,2,1,0,0,1.2416837801098213,True,525
21764,61,58,2,1,0,0,1.2549183290990022,True,524
21766,74,71,2,1,0,0,1.1683483513806059,True,536
21767,72,70,1,1,0,0,1.265759886388822,True,536
21768,72,70,1,1,0,0,1.2486484540708733,True,535
21769,75,72,2,1,0,0,1.1777502733189853,True,535
21770,72,70,1,1,0,0,1.2498050784855255,True,535
21773,72,71,0,1,0,0,1.2836196423151718,True,536
21774,76,72,2,1,1,0,1.1023800931021386,True,536
21781,81,78,1,1,1,0,1.0817562191136225,True,533
21782,82,80,1,1,0,0,1.2048732345865059,True,533
21783,81,79,1,1,0,0,1.207675755884169,True,533
21784,82,79,2,1,0,0,1.2059869573379332,True,533
21787,85,83,0,1,1,0,1.087481671077566,True,537
21793,86,84,1,1,0,0,1.1747839063923409,True,538
21794,86,84,1,1,0,0,1.188037946104982,True,538
21795,85,84,0,1,0,0,1.0974109369920866,True,538
21797,69,68,0,1,0,0,1.1113075092743439,True,520
21799,69,68,0,1,0,0,1.1168723262139113,True,520
21801,71,68,2,1,0,0,1.2074990435031445,True,520
21803,80,79,0,1,0,0,1.20589651644989,True,530
21804,81,79,1,1,0,0,1.1928801046271287,True,531
21805,81,79,1,1,0,0,1.2015798292196145,True,531
21806,71,69,1,1,0,0,1.2143751413578607,True,520
21807,82,80,1,1,0,0,1.188864505409738,True,531
21813,67,20,1,1,1,44,0.4240517544457972,True,562
21833,40,23,1,1,1,14,0.4199576321691153,True,464
21834,42,24,1,1,1,15,0.37703962137571684,True,465
21836,63,33,1,6,1,22,0.42154242968320793,True,473
21840,41,25,0,2,0,14,0.417667066977833,True,466
21843,42,22,3,5,2,10,0.42912253534869327,True,525
21847,44,34,0,7,3,0,0.4178724516852854,True,524
21849,43,33,0,7,2,1,0.4353426593883293,True,523
21850,43,32,0,8,3,0,0.4102704261656216,True,520
21851,44,32,0,8,4,0,0.4227851614224735,True,520
21855,44,32,0,9,3,0,0.4409319217560672,True,520
21856,44,32,0,8,4,0,0.43537915973825114,True,519
21857,44,32,0,8,4,0,0.4365081535743733,True,519
21858,43,31,0,9,3,0,0.4156990388587285,True,519
21859,43,32,0,8,3,0,0.42762889962800843,True,520
21860,44,33,0,8,3,0,0.41895853389908255,True,521
21861,48,33,4,4,3,4,0.3472552041106792,True,518
21862,45,33,0,8,4,0,0.4402057969633264,True,520
21864,44,32,0,9,3,0,0.4243855887329009,True,520
21865,45,32,0,8,4,1,0.43427420133672173,True,520
21871,45,32,0,8,4,1,0.47820551344002027,True,519
21874,47,34,0,9,4,0,0.4624672936413195,True,520
21875,46,32,1,9,4,0,0.46092410073186246,True,520
21876,45,33,0,8,4,0,0.46460693079492665,True,520
21877,46,32,1,9,3,1,0.46618879175488015,True,519
21879,46,32,1,7,3,3,0.40955365682547884,True,520
21880,45,33,0,8,4,0,0.4446755445100727,True,520
21881,46,34,0,8,4,0,0.46020619158341164,True,520
21882,46,34,0,8,4,0,0.46495553672444756,True,520
21884,47,34,1,2,0,10,0.22564406670988119,True,506
21886,60,47,0,10,3,0,0.4604484313824615,True,518
21888,40,33,0,5,2,0,0.4812396832697524,True,503
21893,40,32,1,3,2,2,0.3963251175303185,True,504
21894,40,33,1,4,1,1,0.4135411035553657,True,504
21895,42,35,0,4,1,2,0.4094481229285918,True,505
21896,39,32,0,4,3,0,0.48426233799057145,True,502
21897,39,32,0,5,2,0,0.48348196407937793,True,502
21898,40,33,0,5,2,0,0.4873094130942168,True,503
21901,41,34,1,3,2,1,0.42333762320888674,True,505
21902,39,32,0,5,2,0,0.4576027647118569,True,502
21903,39,33,0,3,2,1,0.4058290762831598,True,503
21905,40,33,0,5,2,0,0.45650481736864446,True,503
21906,40,33,0,5,2,0,0.44514519410188114,True,503
21908,40,32,0,4,3,1,0.4506459209177087,True,502
21909,41,33,0,5,2,1,0.48003233030019304,True,503
21914,9,7,2,0,0,0,1.0022492758806534,True,576
21915,7,6,1,0,0,0,1.0414731777429442,True,576
21916,6,6,0,0,0,0,1.029293666341828,True,576
21918,8,8,0,0,0,0,0.9735050561031707,True,576
21919,6,6,0,0,0,0,1.0331241884131512,True,576
21922,7,7,0,0,0,0,1.1867537177010783,True,576
21923,7,6,1,0,0,0,1.176730544731825,True,576
21925,11,10,1,0,0,0,0.963606195203699,True,576
21926,8,7,1,0,0,0,1.0477917442946136,True,576
21927,7,6,1,0,0,0,1.0413661914499186,True,576
21928,8,7,1,0,0,0,1.0452876870749173,True,576
21930,9,9,0,0,0,0,0.9342794520670497,True,576
21931,9,7,2,0,0,0,1.0204991151255547,True,576
21932,12,11,1,0,0,0,0.9032570596035489,True,576
21934,9,8,1,0,0,0,1.0470503665161794,True,576
21936,12,10,2,0,0,0,0.9014602193897522,True,576
21937,9,9,0,0,0,0,0.9693311186304345,True,576
21941,10,8,2,0,0,0,1.0240845335369004,True,576
21942,9,7,2,0,0,0,1.0329765834505693,True,576
21943,10,9,1,0,0,0,0.9564284263185424,True,576
21944,10,9,1,0,0,0,0.9425128947678916,True,576
21945,9,7,2,0,0,0,1.0522104195047552,True,576
21946,6,6,0,0,0,0,1.0549444356354267,True,576
21947,8,7,1,0,0,0,0.9768420860198435,True,576
21948,8,8,0,0,0,0,0.8693862784566202,True,576
21949,6,6,0,0,0,0,1.0463595074238956,True,576
21950,9,8,1,0,0,0,0.9064854670737257,True,576
21951,9,8,1,0,0,0,1.0490426567218896,True,576
21952,9,8,1,0,0,0,1.0409894015750356,True,576
21953,9,8,1,0,0,0,1.0455462186640911,True,576
21954,10,9,1,0,0,0,1.0430090238158523,True,576
21955,8,6,2,0,0,0,1.0423519168926159,True,576
21956,8,6,2,0,0,0,1.0453597689582788,True,576
21957,9,8,1,0,0,0,0.9123660597371219,True,576
21958,8,8,0,0,0,0,0.9283404375545561,True,576
21959,6,6,0,0,0,0,1.0642830549035756,True,576
21960,8,7,1,0,0,0,0.9633104533724939,True,576
21961,8,6,2,0,0,0,1.0327442821562165,True,576
21962,9,8,1,0,0,0,0.9182500569200074,True,576
21963,9,8,1,0,0,0,1.0387842973995247,True,576
21964,10,9,1,0,0,0,0.9542793777578058,True,576
21965,10,9,1,0,0,0,1.0507351754211098,True,576
21968,9,8,1,0,0,0,1.0516966680743907,True,576
21969,6,6,0,0,0,0,1.0511412077194087,True,576
21971,6,6,0,0,0,0,1.035574314401947,True,576
21972,6,6,0,0,0,0,1.0596837141944508,True,576
21973,6,6,0,0,0,0,1.0480228364633244,True,576
21975,6,6,0,0,0,0,1.0480925390935458,True,576
21976,9,8,1,0,0,0,0.9341552830092908,True,576
21977,6,6,0,0,0,0,1.0630057450152346,True,576
21978,7,7,0,0,0,0,1.0443998858107448,True,576
21980,11,10,1,0,0,0,0.8580866349403868,True,576
21983,7,7,0,0,0,0,1.038566282255268,True,576
21984,7,7,0,0,0,0,1.0494459853898452,True,576
21986,6,6,0,0,0,0,1.0583091028702123,True,576
21987,6,6,0,0,0,0,1.060462227684722,True,576
21988,6,6,0,0,0,0,1.0516337502984205,True,576
21990,9,7,2,0,0,0,1.0488067904504443,True,576
21991,8,6,2,0,0,0,1.0481689658047189,True,576
21992,9,8,1,0,0,0,1.0436838380626212,True,576
21993,9,8,1,0,0,0,0.9066276267454672,True,576
21994,12,11,1,0,0,0,0.90508351453886,True,576
21995,12,11,1,0,0,0,0.9242940519832678,True,576
21996,7,7,0,0,0,0,1.0342371490463689,True,576
21998,10,9,1,0,0,0,1.047517906114519,True,576
21999,7,7,0,0,0,0,1.0543503729069994,True,576
22000,8,7,1,0,0,0,1.0456169427921158,True,576
22001,8,6,2,0,0,0,1.0438225284653857,True,576
22003,6,6,0,0,0,0,1.0633705012105392,True,576
22004,9,9,0,0,0,0,0.9309142043190035,True,576
22006,11,11,0,0,0,0,1.0333296802930545,True,576
22007,12,12,0,0,0,0,1.0669884766947337,True,576
22010,12,12,0,0,0,0,1.0743241903903833,True,576
22011,11,10,1,0,0,0,1.0663420342424712,True,576
22012,12,12,0,0,0,0,1.0667889585363304,True,576
22013,12,12,0,0,0,0,1.0731322731218942,True,576
22014,16,15,1,0,0,0,0.9419700928920576,True,576
22015,14,13,1,0,0,0,1.0704680198469025,True,576
22018,19,18,1,0,0,0,0.8517526842621475,True,576
22019,14,13,1,0,0,0,0.9363369940725688,True,576
22020,12,12,0,0,0,0,1.0670872213663158,True,576
22021,11,11,0,0,0,0,1.0663992822224218,True,576
22022,13,11,2,0,0,0,1.0454769588875812,True,576
22025,16,15,1,0,0,0,0.9263374926237617,True,576
22026,16,15,1,0,0,0,0.9301408896237079,True,576
22027,16,15,1,0,0,0,0.934855148708321,True,576
22029,11,11,0,0,0,0,1.0476039016105072,True,576
22030,12,11,1,0,0,0,1.0644372986714894,True,576
22031,12,11,1,0,0,0,1.0510952394281765,True,576
22032,12,11,1,0,0,0,1.0742411104031597,True,576
22033,12,11,1,0,0,0,1.0591329360021646,True,576
22034,11,11,0,0,0,0,1.066235600813299,True,576
22036,11,11,0,0,0,0,1.072947563420306,True,576
22037,14,13,1,0,0,0,1.0727367080410555,True,576
22038,17,16,1,0,0,0,0.9529434965307695,True,576
22039,15,15,0,0,0,0,1.0759568090238658,True,576
22040,15,15,0,0,0,0,1.004964132916447,True,576
22041,14,14,0,0,0,0,1.0553963498685162,True,576
22042,15,15,0,0,0,0,1.0545487380259893,True,576
22043,15,15,0,0,0,0,1.0190373974791265,True,576
22044,12,12,0,0,0,0,1.0568732784800938,True,576
22045,12,12,0,0,0,0,1.0724305317397667,True,576
22046,12,12,0,0,0,0,1.0641628596815667,True,576
22047,10,9,1,0,0,0,1.070154265760138,True,576
22050,28,25,0,0,0,3,0.21428207516347647,True,576
22051,23,23,0,0,0,0,0.7632599647382116,True,576
22052,23,23,0,0,0,0,0.8684609944648773,True,576
22054,16,15,1,0,0,0,1.5247163612056975,True,576
22055,29,25,0,0,0,4,0.22517018387536314,True,576
22056,14,14,0,0,0,0,0.9426931416482867,True,576
22057,12,11,0,0,0,1,1.0706698179730647,True,576
22058,12,11,0,0,0,1,1.0797654759948316,True,576
22059,12,11,0,0,0,1,1.0700794050297322,True,576
22060,14,11,0,0,0,3,1.0770190666754913,True,576
22061,20,20,0,0,0,0,0.98338451789636,True,576
22065,21,21,0,0,0,0,1.001443573128207,True,576
22066,21,21,0,0,0,0,1.0045112934467921,True,576
22067,21,21,0,0,0,0,1.0130441952695626,True,576
22069,21,21,0,0,0,0,0.9960648771858372,True,576
22071,21,21,0,0,0,0,0.9993119701250428,True,576
22072,22,21,1,0,0,0,0.9568867014044757,True,576
22073,21,21,0,0,0,0,1.005488602271079,True,576
22074,21,20,1,0,0,0,1.0017782145427265,True,576
22075,21,21,0,0,0,0,1.0063953707024784,True,576
22077,21,21,0,0,0,0,0.9997368620391003,True,576
22078,21,21,0,0,0,0,0.9999396921033007,True,576
22079,21,21,0,0,0,0,1.0053479397741247,True,576
22081,21,21,0,0,0,0,1.003624446605226,True,576
22082,21,20,1,0,0,0,1.0091376352679067,True,576
22083,21,20,1,0,0,0,1.0178515733249023,True,576
22084,21,21,0,0,0,0,1.006410798376717,True,576
22086,21,20,1,0,0,0,1.0222068987224637,True,576
22087,20,20,0,0,0,0,1.010945784807713,True,576
22088,20,20,0,0,0,0,1.014292975292209,True,576
22089,22,21,1,0,0,0,0.966007256988404,True,576
22091,22,21,1,0,0,0,0.8873464321243323,True,576
22092,20,20,0,0,0,0,0.9957627133268172,True,576
22093,22,21,1,0,0,0,0.8810625736082848,True,576
22094,20,20,0,0,0,0,1.00211596325791,True,576
22096,20,20,0,0,0,0,1.0149371560051628,True,576
22097,22,21,1,0,0,0,0.8948566411866837,True,576
22098,20,20,0,0,0,0,1.0158665117472971,True,576
22099,20,20,0,0,0,0,1.014436204706952,True,576
22100,22,21,1,0,0,0,0.8909504740293595,True,576
22101,20,20,0,0,0,0,1.0274282976677664,True,576
22103,22,21,1,0,0,0,0.9091924044101782,True,576
22104,20,20,0,0,0,0,1.035569053972306,True,576
22107,21,20,1,0,0,0,0.8699167992669841,True,576
22112,21,20,1,0,0,0,0.8875194087020335,True,576
22113,19,19,0,0,0,0,1.0218855897342531,True,576
22114,20,19,1,0,0,0,1.0341123606877276,True,576
22115,20,19,1,0,0,0,1.0115965119891803,True,576
22116,21,20,1,0,0,0,0.9016099021715204,True,576
22117,21,20,1,0,0,0,0.8917936056070953,True,576
22118,19,19,0,0,0,0,1.0187915071765081,True,576
22119,20,19,1,0,0,0,1.0396726321780025,True,576
22120,20,19,1,0,0,0,1.0341474244400575,True,576
22124,19,19,0,0,0,0,1.0318337103068487,True,576
22125,20,19,1,0,0,0,1.0185274913661786,True,576
22126,19,19,0,0,0,0,1.0393575352583064,True,576
22127,21,20,1,0,0,0,0.9101117210076175,True,576
22128,19,19,0,0,0,0,1.0331800768445418,True,576
22129,19,19,0,0,0,0,1.031901601491502,True,576
22133,15,6,1,0,0,8,0.9872506078150187,True,576
22134,31,1,0,0,0,30,367.76101781199384,False,201
22135,29,0,0,1,0,28,694.1505605447089,False,198
22136,5,5,0,0,0,0,0.40358419494750986,True,576
22138,5,5,0,0,0,0,0.8810531025195508,True,576
22139,5,5,0,0,0,0,0.8776192686002314,True,576
22140,5,4,1,0,0,0,1.0367720972422692,True,576
22141,5,4,1,0,0,0,1.0257289895261534,True,576
22142,5,4,1,0,0,0,1.0382648000432055,True,576
22143,5,4,1,0,0,0,1.0354112360956496,True,576
22144,5,4,1,0,0,0,1.0279034703430359,True,576
22146,5,5,0,0,0,0,0.858289652656219,True,576
22147,5,5,0,0,0,0,1.0315130552693494,True,576
22148,5,5,0,0,0,0,1.0303964879914667,True,576
22151,5,4,1,0,0,0,1.0251844621640869,True,576
22152,5,4,1,0,0,0,1.0289032224256212,True,576
22153,5,5,0,0,0,0,0.9915555042311308,True,576
22157,5,5,0,0,0,0,0.8802956530652639,True,576
22159,5,4,1,0,0,0,1.0325041935987995,True,576
22160,5,4,1,0,0,0,1.0461442110262489,True,576
22161,5,4,1,0,0,0,1.0336542152222137,True,576
22162,5,4,1,0,0,0,1.0296883100151026,True,576
22163,5,5,0,0,0,0,1.0224175072786617,True,576
22172,5,4,1,0,0,0,1.0347911527774218,True,576
22173,5,4,1,0,0,0,1.034543163872141,True,576
22174,5,4,1,0,0,0,1.0342526359491853,True,576
22175,5,4,1,0,0,0,1.030480496009223,True,576
22176,5,5,0,0,0,0,1.0302413124373964,True,576
22177,5,5,0,0,0,0,0.9267583018436769,True,576
22179,5,5,0,0,0,0,1.0283597192440954,True,576
22180,5,5,0,0,0,0,0.9720826923789312,True,576
22182,5,4,1,0,0,0,1.0283176412203958,True,576
22183,5,4,1,0,0,0,1.0287432455049146,True,576
22184,5,4,1,0,0,0,1.03660576375081,True,576
22185,5,5,0,0,0,0,0.8343412210789323,True,576
22187,5,4,1,0,0,0,1.0419409848818153,True,576
22188,5,4,1,0,0,0,1.0429610230432584,True,576
22189,5,5,0,0,0,0,0.911118766859672,True,576
22191,5,4,1,0,0,0,1.0389091208651724,True,576
22192,5,5,0,0,0,0,0.8961046903550911,True,576
22193,5,4,1,0,0,0,1.0327586703530103,True,576
22195,5,4,1,0,0,0,1.0162217963983746,True,576
22196,5,4,1,0,0,0,1.0385767801666392,True,576
22197,5,4,1,0,0,0,1.0369236193848286,True,576
22199,5,4,1,0,0,0,1.0292320606133902,True,576
22200,5,4,1,0,0,0,1.035417699228503,True,576
22201,5,4,1,0,0,0,1.0096428510780109,True,576
22204,5,4,1,0,0,0,1.0332035218493476,True,576
22205,5,4,1,0,0,0,1.0318636616570074,True,576
22206,5,4,1,0,0,0,1.0451270745169288,True,576
22207,5,5,0,0,0,0,1.0297016857964665,True,576
22209,5,4,1,0,0,0,1.007407717349929,True,576
22211,5,5,0,0,0,0,1.0326438121961394,True,576
22212,5,4,1,0,0,0,1.0387899553822635,True,576
22213,5,4,1,0,0,0,1.0292954409975816,True,576
22215,5,4,1,0,0,0,1.0298459891889498,True,576
22216,5,4,1,0,0,0,1.0413510791495466,True,576
22217,5,5,0,0,0,0,0.8457221253328004,True,576
22218,5,5,0,0,0,0,0.9206485383593241,True,576
22219,5,5,0,0,0,0,0.9773581053896044,True,576
22223,5,5,0,0,0,0,1.0169318657804307,True,576
22224,5,5,0,0,0,0,1.022068352478985,True,576
22225,5,5,0,0,0,0,1.023665214943139,True,576
22226,5,5,0,0,0,0,0.9130998903999795,True,576
22227,5,5,0,0,0,0,1.0494812061132825,True,576
22229,5,5,0,0,0,0,1.0537040185391096,True,576
22230,5,5,0,0,0,0,1.0391531140569565,True,576
22231,4,4,0,0,0,0,1.0444840793228678,True,576
22232,4,4,0,0,0,0,1.0590747335097825,True,576
22233,4,4,0,0,0,0,1.0784055915970543,True,576
22235,4,4,0,0,0,0,1.0809908234803163,True,576
22236,4,4,0,0,0,0,1.0426298368526967,True,576
22240,4,4,0,0,0,0,1.0596160502512777,True,576
22241,4,4,0,0,0,0,1.0810288323013633,True,576
22242,4,4,0,0,0,0,1.0024287333178301,True,576
22243,4,4,0,0,0,0,1.0744707656501735,True,576
22244,4,4,0,0,0,0,1.071317175938112,True,576
22246,4,4,0,0,0,0,1.0845174613821054,True,576
22247,4,4,0,0,0,0,1.0778985015849247,True,576
22249,4,4,0,0,0,0,1.0903998554151613,True,576
22251,4,4,0,0,0,0,1.0734365003296706,True,576
22253,4,4,0,0,0,0,1.0905297917042105,True,576
22254,4,4,0,0,0,0,1.081059242479572,True,576
22257,4,4,0,0,0,0,1.0742609926199633,True,576
22258,5,4,1,0,0,0,0.9679141968380629,True,576
22259,4,4,0,0,0,0,1.068105908377623,True,576
22261,4,4,0,0,0,0,1.0734025163520273,True,576
22262,4,4,0,0,0,0,1.0724134048497702,True,576
22263,4,4,0,0,0,0,1.081682780175381,True,576
22265,5,4,1,0,0,0,1.002455047048544,True,576
22266,4,4,0,0,0,0,1.0913736377110634,True,576
22267,4,4,0,0,0,0,1.062584298689511,True,576
22268,4,4,0,0,0,0,1.081487068662854,True,576
22270,5,4,1,0,0,0,1.0027064527642178,True,576
22271,4,4,0,0,0,0,1.0829342462470744,True,576
22273,4,4,0,0,0,0,1.0834144539920811,True,576
22274,4,4,0,0,0,0,1.082908175870189,True,576
22275,5,4,1,0,0,0,0.9978170223052238,True,576
22276,4,4,0,0,0,0,1.0731791161943829,True,576
22277,4,4,0,0,0,0,1.0773568819520074,True,576
22278,4,4,0,0,0,0,1.0742404754829746,True,576
22279,4,4,0,0,0,0,1.0686804387691509,True,576
22280,4,4,0,0,0,0,1.0646418611281616,True,576
22281,4,4,0,0,0,0,1.0780474366286805,True,576
22282,4,4,0,0,0,0,1.0773324674049303,True,576
22283,5,4,1,0,0,0,1.0024676692635863,True,576
22284,4,4,0,0,0,0,1.07373151502203,True,576
22285,4,4,0,0,0,0,1.080397864306659,True,576
22287,4,4,0,0,0,0,1.089599897423493,True,576
22288,5,4,1,0,0,0,1.0133670940722763,True,576
22289,4,4,0,0,0,0,1.089279070253717,True,576
22290,4,4,0,0,0,0,1.0873744962096132,True,576
22291,4,4,0,0,0,0,1.0905560599430109,True,576
22293,4,4,0,0,0,0,1.0738840963923435,True,576
22294,4,4,0,0,0,0,1.0859910918432378,True,576
22295,4,4,0,0,0,0,1.088269941216901,True,576
22296,4,4,0,0,0,0,1.0838974942650865,True,576
22297,5,5,0,0,0,0,0.8693968315444864,True,576
22298,4,4,0,0,0,0,1.0783964840719285,True,576
22299,4,4,0,0,0,0,1.0946584206905006,True,576
22300,4,4,0,0,0,0,1.0873433843630458,True,576
22301,4,4,0,0,0,0,1.0858602703282112,True,576
22302,5,4,1,0,0,0,1.033031667481878,True,576
22303,4,4,0,0,0,0,1.0911631978074228,True,576
22304,4,4,0,0,0,0,1.0978457110078952,True,576
22305,5,4,1,0,0,0,0.9932560839503519,True,576
22306,5,4,1,0,0,0,0.9941774290758473,True,576
22307,4,4,0,0,0,0,1.084786149325967,True,576
22308,4,4,0,0,0,0,1.0673521041931995,True,576
22309,5,4,1,0,0,0,0.9420959161903965,True,576
22310,4,4,0,0,0,0,1.064179164674499,True,576
22311,4,4,0,0,0,0,1.0687169077067051,True,576
22313,4,4,0,0,0,0,1.0655177363504555,True,576
22314,4,4,0,0,0,0,1.0642730169971233,True,576
22315,4,4,0,0,0,0,1.0645496515415682,True,576
22316,4,4,0,0,0,0,1.0722150373728012,True,576
22317,4,4,0,0,0,0,1.0862151911253028,True,576
22320,6,5,0,0,0,1,0.9976916212419935,True,576
22321,5,5,0,0,0,0,1.0139645290572639,True,576
22322,5,5,0,0,0,0,1.0199162941094304,True,576
22324,5,5,0,0,0,0,1.0022853891975891,True,576
22325,5,5,0,0,0,0,1.015743657926532,True,576
22326,5,5,0,0,0,0,0.9610743416461874,True,576
22327,5,5,0,0,0,0,1.0094607440845242,True,576
22328,5,5,0,0,0,0,0.9421030794030204,True,576
22330,5,5,0,0,0,0,1.039477787819349,True,576
22331,5,5,0,0,0,0,1.0269507472486867,True,576
22339,5,5,0,0,0,0,1.0123531609741097,True,576
22341,5,5,0,0,0,0,1.0230101988403204,True,576
22342,5,5,0,0,0,0,0.9634978842289201,True,576
22343,5,5,0,0,0,0,1.0319477758876916,True,576
22344,5,5,0,0,0,0,1.0415516434498362,True,576
22346,5,5,0,0,0,0,1.0446691380549227,True,576
22348,5,5,0,0,0,0,1.0490985403743052,True,576
22349,5,5,0,0,0,0,1.0369395299409203,True,576
22350,5,5,0,0,0,0,1.0564447250990376,True,576
22351,5,5,0,0,0,0,1.0530318103667113,True,576
22352,5,5,0,0,0,0,0.9400102418292604,True,576
22353,5,5,0,0,0,0,1.0269758692190294,True,576
22354,5,5,0,0,0,0,0.9563492419399919,True,576
22357,5,5,0,0,0,0,1.0080915676925366,True,576
22358,5,5,0,0,0,0,1.054975468441904,True,576
22359,5,5,0,0,0,0,1.045815045326826,True,576
22360,5,5,0,0,0,0,1.039464556990216,True,576
22361,5,5,0,0,0,0,1.044412917800013,True,576
22368,5,5,0,0,0,0,0.9427125831182696,True,576
22369,5,5,0,0,0,0,1.000651123826092,True,576
22370,5,5,0,0,0,0,0.9846321377720471,True,576
22371,5,5,0,0,0,0,1.0386960160472016,True,576
22372,5,5,0,0,0,0,0.9655224112343983,True,576
22374,5,5,0,0,0,0,1.0548530336856157,True,576
22375,5,5,0,0,0,0,1.0472337136506464,True,576
22377,5,5,0,0,0,0,1.0579373587220597,True,576
22378,5,5,0,0,0,0,1.034985701043746,True,576
22380,5,5,0,0,0,0,0.8999183463505696,True,576
22382,5,5,0,0,0,0,0.9731302986453132,True,576
22383,5,5,0,0,0,0,1.0399433589136464,True,576
22385,5,5,0,0,0,0,1.3043167889263305,True,576
22387,61,4,1,3,0,53,0.0048777756769999864,False,202
22388,53,3,0,3,0,47,0.004206494136101465,False,202
22389,6,5,0,0,0,1,1.2154374008311413,True,576
22390,5,5,0,0,0,0,1.2837060707590724,True,576
22393,29,2,0,2,0,25,0.005697116788718458,False,203
22394,6,5,0,0,0,1,1.007792698743867,True,576
22395,6,5,0,0,0,1,1.0093981471754632,True,576
22396,6,5,0,0,0,1,1.0284887663001119,True,576
22397,5,5,0,0,0,0,1.0258449467535629,True,576
22398,5,5,0,0,0,0,1.0095234188851618,True,576
22400,5,5,0,0,0,0,1.0027791671143746,True,576
22402,5,5,0,0,0,0,1.0206791338611154,True,576
22403,5,5,0,0,0,0,1.0088899041002959,True,576
22404,5,5,0,0,0,0,1.0203756911566848,True,576
22414,5,5,0,0,0,0,1.0174871316889222,True,576
22415,5,5,0,0,0,0,1.0055874311956665,True,576
22416,5,5,0,0,0,0,0.9775522724403954,True,576
22417,5,5,0,0,0,0,0.849734715047741,True,576
22418,5,5,0,0,0,0,0.9113607743913762,True,576
22419,5,5,0,0,0,0,1.0273800186464939,True,576
22420,5,5,0,0,0,0,0.9446307691845719,True,576
22421,5,5,0,0,0,0,1.0166503240216995,True,576
22422,5,5,0,0,0,0,1.018609101172117,True,576
22427,5,5,0,0,0,0,0.9413226794893519,True,576
22428,5,5,0,0,0,0,1.0175526281964113,True,576
22435,6,6,0,0,0,0,1.0340481222647449,True,576
22437,6,6,0,0,0,0,1.0368760807142365,True,576
22438,6,6,0,0,0,0,1.0433426688023215,True,576
22440,6,6,0,0,0,0,1.0483049587661661,True,576
22441,6,6,0,0,0,0,0.9941798432513802,True,576
22442,6,6,0,0,0,0,1.0454420620458795,True,576
22443,6,6,0,0,0,0,1.0319656082826354,True,576
22445,6,6,0,0,0,0,0.9736130575586096,True,576
22446,6,6,0,0,0,0,1.063874443067283,True,576
22449,6,6,0,0,0,0,1.0578264329990468,True,576
22450,6,6,0,0,0,0,1.0456946382588705,True,576
22451,6,6,0,0,0,0,1.0457763192808134,True,576
22452,6,6,0,0,0,0,1.0525157294220102,True,576
22453,6,6,0,0,0,0,1.0479156796964193,True,576
22454,6,6,0,0,0,0,1.0060363091451066,True,576
22455,6,6,0,0,0,0,1.0447932486349871,True,576
22456,6,6,0,0,0,0,1.0590572875825899,True,576
22457,6,6,0,0,0,0,1.041866908709612,True,576
22458,6,6,0,0,0,0,0.9652818070164546,True,576
22459,6,6,0,0,0,0,1.0362985104239062,True,576
22460,6,6,0,0,0,0,1.0276406293027245,True,576
22461,6,6,0,0,0,0,1.0329626454493541,True,576
22462,6,6,0,0,0,0,1.0361110184380387,True,576
22463,6,6,0,0,0,0,1.057425552601025,True,576
22464,6,6,0,0,0,0,1.0513017434932461,True,576
22465,6,6,0,0,0,0,1.0435403874565656,True,576
22466,6,6,0,0,0,0,1.0309548370261836,True,576
22467,6,6,0,0,0,0,1.059407774578872,True,576
22468,6,6,0,0,0,0,1.0580104600933975,True,576
22469,6,6,0,0,0,0,1.0321142643059513,True,576
22470,6,6,0,0,0,0,1.0344290010477897,True,576
22471,6,6,0,0,0,0,1.0386919547010938,True,576
22472,6,6,0,0,0,0,1.0337403086793504,True,576
22473,6,6,0,0,0,0,1.028543514926139,True,576
22475,6,6,0,0,0,0,1.0249458116585004,True,576
22476,6,6,0,0,0,0,1.02685304687266,True,576
22478,6,6,0,0,0,0,1.0251880588589855,True,576
22479,6,5,1,0,0,0,1.0458991291258162,True,576
22480,6,6,0,0,0,0,0.9622653164251638,True,576
22481,6,6,0,0,0,0,0.9761187870818779,True,576
22482,6,6,0,0,0,0,1.0417724286052152,True,576
22483,6,6,0,0,0,0,1.034239017150417,True,576
22484,6,6,0,0,0,0,1.0343935262761228,True,576
22485,6,6,0,0,0,0,1.0365345622376907,True,576
22486,6,6,0,0,0,0,1.0157512233531514,True,576
22487,6,6,0,0,0,0,1.0100752117400376,True,576
22490,6,6,0,0,0,0,1.0225807674917142,True,576
22491,6,6,0,0,0,0,0.9110016579128895,True,576
22492,6,6,0,0,0,0,1.0167903799612414,True,576
22493,6,6,0,0,0,0,1.022425907188723,True,576
22494,6,6,0,0,0,0,0.9883718749014365,True,576
22496,6,6,0,0,0,0,0.8779532215763903,True,576
22497,6,6,0,0,0,0,0.9846152821323626,True,576
22498,28,19,0,0,0,9,0.25475108726443596,True,576
22499,6,6,0,0,0,0,1.0271284775072984,True,576
22501,6,6,0,0,0,0,1.0415490637564049,True,576
22502,6,6,0,0,0,0,1.0478493483211626,True,576
22503,6,6,0,0,0,0,0.9768122589673215,True,576
22504,6,6,0,0,0,0,1.0357283939779078,True,576
22505,6,6,0,0,0,0,1.0396653902948498,True,576
22506,6,6,0,0,0,0,0.9530553344305229,True,576
22507,6,6,0,0,0,0,1.0276312469348312,True,576
22508,6,5,1,0,0,0,1.0363066267366723,True,576
22509,6,6,0,0,0,0,0.9443779917901162,True,576
22510,6,6,0,0,0,0,1.0478473015657326,True,576
22516,6,6,0,0,0,0,1.026303685415061,True,576
22518,6,6,0,0,0,0,1.0276239434591907,True,576
22519,6,6,0,0,0,0,1.0348198582229777,True,576
22520,6,6,0,0,0,0,1.0489377875483221,True,576
22521,6,6,0,0,0,0,1.0548689745955246,True,576
22522,6,6,0,0,0,0,0.9617769571509092,True,576
22523,6,6,0,0,0,0,0.9534874377073923,True,576
22524,6,6,0,0,0,0,1.0191517562467975,True,576
22526,6,6,0,0,0,0,0.9784276508612535,True,576
22527,6,6,0,0,0,0,0.9717324784128967,True,576
22528,6,6,0,0,0,0,1.0437075246181537,True,576
22529,6,6,0,0,0,0,1.0489794831522783,True,576
22541,6,4,0,0,0,2,2.368105223814395,True,576
22542,6,4,0,0,0,2,2.3834326753529043,True,576
22543,13,12,0,0,0,1,2.2818723201762863,True,576
22545,13,13,0,0,0,0,1.975650222924782,True,576
22546,13,13,0,0,0,0,1.972669799286315,True,576
22547,13,13,0,0,0,0,0.8393754980716853,True,576
22549,12,12,0,0,0,0,1.0313394861467122,True,576
22550,12,12,0,0,0,0,1.040485328126843,True,576
22551,12,12,0,0,0,0,1.0249470773922815,True,576
22552,13,12,1,0,0,0,0.9630292409108918,True,576
22553,12,12,0,0,0,0,1.038139897855745,True,576
22555,13,12,1,0,0,0,0.9704330169291336,True,576
22556,12,12,0,0,0,0,1.0543713933264542,True,576
22557,12,12,0,0,0,0,1.0563819619159864,True,576
22558,12,12,0,0,0,0,1.0414436206137907,True,576
22559,12,12,0,0,0,0,1.057017105250552,True,576
22560,12,12,0,0,0,0,1.0546828502475454,True,576
22561,12,12,0,0,0,0,1.0561575218413932,True,576
22562,13,12,1,0,0,0,1.03335033476773,True,576
22563,13,12,1,0,0,0,1.0370897033417106,True,576
22564,13,12,1,0,0,0,1.0302170208672319,True,576
22565,12,12,0,0,0,0,1.0670043167492331,True,576
22566,12,12,0,0,0,0,1.0560255197946429,True,576
22567,13,12,1,0,0,0,0.9389346768728145,True,576
22571,13,12,1,0,0,0,1.0456848855001828,True,576
22572,12,12,0,0,0,0,1.0634535347093128,True,576
22574,13,12,1,0,0,0,0.9657065409751107,True,576
22575,12,12,0,0,0,0,1.059653229935186,True,576
22576,13,12,1,0,0,0,1.0410398637157372,True,576
22578,13,12,1,0,0,0,0.9960749104664888,True,576
22579,13,12,1,0,0,0,0.9698881465024706,True,576
22580,12,12,0,0,0,0,1.043028401778392,True,576
22582,12,12,0,0,0,0,1.036234053263673,True,576
22584,12,12,0,0,0,0,1.0477367578735262,True,576
22585,12,12,0,0,0,0,1.066322531150457,True,576
22586,12,12,0,0,0,0,1.053223659045412,True,576
22588,14,13,1,0,0,0,0.9670073308499791,True,576
22589,14,13,1,0,0,0,0.9726327269925237,True,576
22590,13,13,0,0,0,0,1.0646085233859153,True,576
22591,13,13,0,0,0,0,1.068936226125158,True,576
22592,13,13,0,0,0,0,1.0613154119180739,True,576
22593,14,13,1,0,0,0,1.054110819382676,True,576
22594,13,13,0,0,0,0,1.0655885651627148,True,576
22595,14,13,1,0,0,0,0.9108790162243183,True,576
22597,14,13,1,0,0,0,1.0437413193453104,True,576
22598,14,13,1,0,0,0,1.0565815272598025,True,576
22599,14,13,1,0,0,0,1.05905847999626,True,576
22600,14,13,1,0,0,0,1.0597973527041398,True,576
22601,14,13,1,0,0,0,0.9804341129402756,True,576
22603,13,13,0,0,0,0,0.9899971322086047,True,576
22604,13,13,0,0,0,0,1.0001721635870848,True,576
22606,13,13,0,0,0,0,1.0629478679162832,True,576
22607,13,13,0,0,0,0,1.0618034869190827,True,576
22609,13,13,0,0,0,0,1.0582312324309362,True,576
22610,13,13,0,0,0,0,1.0459072651897743,True,576
22613,15,15,0,0,0,0,1.0282262423480248,True,576
22614,15,15,0,0,0,0,0.9342604604924616,True,576
22615,15,15,0,0,0,0,1.028211397263808,True,576
22616,15,15,0,0,0,0,1.0233151514799033,True,576
22617,15,15,0,0,0,0,1.023991457394069,True,576
22618,15,15,0,0,0,0,1.027072260826687,True,576
22619,15,15,0,0,0,0,1.0243896655886529,True,576
22622,15,15,0,0,0,0,1.0064616323371505,True,576
22623,15,15,0,0,0,0,1.010772015428595,True,576
22624,15,15,0,0,0,0,1.0180082341685306,True,576
22625,15,15,0,0,0,0,1.0102137481923124,True,576
22626,15,15,0,0,0,0,1.0084656448267326,True,576
22627,15,15,0,0,0,0,1.022683158030722,True,576
22628,15,15,0,0,0,0,1.0204137880626782,True,576
22629,15,15,0,0,0,0,1.0132449392768723,True,576
22630,15,15,0,0,0,0,1.0000082974896203,True,576
22631,15,15,0,0,0,0,0.9846678699783104,True,576
22633,15,15,0,0,0,0,0.9212329576258077,True,576
22634,15,15,0,0,0,0,1.0030255829833057,True,576
22636,15,15,0,0,0,0,1.026154050941222,True,576
22637,15,15,0,0,0,0,1.0190910980322845,True,576
22638,15,15,0,0,0,0,1.0186636392233481,True,576
22642,15,15,0,0,0,0,1.0128243002781054,True,576
22643,15,15,0,0,0,0,1.0256602507125718,True,576
22648,15,15,0,0,0,0,1.0098724497309957,True,576
22649,15,15,0,0,0,0,1.0076100460231556,True,576
22650,15,15,0,0,0,0,1.0123669759362421,True,576
22651,15,15,0,0,0,0,0.8671043806278791,True,576
22652,15,15,0,0,0,0,1.006983294708708,True,576
22653,15,15,0,0,0,0,0.9374685925516124,True,576
22654,15,15,0,0,0,0,1.0208049642753516,True,576
22655,15,15,0,0,0,0,1.0297481790605956,True,576
22657,15,15,0,0,0,0,1.0312572655837693,True,576
22658,15,15,0,0,0,0,1.0084634589952803,True,576
22659,15,15,0,0,0,0,1.0306960585290943,True,576
22660,15,15,0,0,0,0,0.9465460039659123,True,576
22663,15,15,0,0,0,0,0.9907530389820128,True,576
22664,15,15,0,0,0,0,0.9982029496530237,True,576
22665,15,15,0,0,0,0,0.8690045292393347,True,576
22668,15,15,0,0,0,0,0.8923241834721276,True,576
22669,15,15,0,0,0,0,1.0073904818747108,True,576
22670,15,15,0,0,0,0,0.9989606524042074,True,576
22671,15,15,0,0,0,0,1.0183379504785726,True,576
22672,15,15,0,0,0,0,0.9376535810991711,True,576
22674,15,15,0,0,0,0,1.0167863455038892,True,576
22675,15,15,0,0,0,0,0.9964322184063691,True,576
22676,15,15,0,0,0,0,1.0016256333760336,True,576
22678,15,15,0,0,0,0,0.8829471664316286,True,576
22679,15,15,0,0,0,0,0.9903764336147471,True,576
22680,15,15,0,0,0,0,1.004460254834291,True,576
22682,15,15,0,0,0,0,1.014210762700438,True,576
22684,15,15,0,0,0,0,1.0224543552670768,True,576
22686,15,15,0,0,0,0,1.0126560816119174,True,576
22687,15,15,0,0,0,0,1.0092945939095275,True,576
22688,15,15,0,0,0,0,0.9461324582331445,True,576
22689,15,15,0,0,0,0,0.98808327889217,True,576
22692,15,15,0,0,0,0,1.0189818987911345,True,576
22693,15,15,0,0,0,0,1.0316886801777967,True,576
22695,6,2,0,0,0,4,0.0018691521505637715,False,13
22697,15,15,0,0,0,0,0.43988690377853285,True,576
22698,15,15,0,0,0,0,0.44230239517173287,True,576
22699,15,15,0,0,0,0,0.44726728805314064,True,576
22700,15,15,0,0,0,0,0.4530096041247811,True,576
22701,15,15,0,0,0,0,0.45406609958135646,True,576
22706,15,15,0,0,0,0,0.44645238849908764,True,576
22708,15,15,0,0,0,0,0.43980626677420664,True,576
22712,13,13,0,0,0,0,0.05780131650164602,False,576
22713,13,13,0,0,0,0,0.05854230200234717,False,576
22727,21,14,1,0,0,6,0.06875389910266907,False,511
22732,31,23,1,0,0,7,0.1433074144484465,True,511
22734,44,36,0,0,0,8,0.12746007330084244,True,510
22735,68,47,1,8,0,12,0.12882615340293668,True,505
22736,58,47,0,4,0,7,0.1265796375039053,True,505
22748,67,57,0,4,0,6,0.07422336586872647,False,439
22751,68,60,0,4,0,4,0.08920317103119974,False,442
22758,79,67,0,8,0,4,0.05375759758471548,False,445
22766,66,54,0,10,0,2,0.06796663909413468,False,383
22767,67,57,0,10,0,0,0.06466575493962803,False,383
22768,54,43,0,10,0,1,0.05218303933795303,False,365
22769,53,42,0,11,0,0,0.05429313570491735,False,367
22770,55,45,0,9,0,1,0.05652844111604814,False,366
22772,57,46,0,11,0,0,0.05450012545921443,False,371
22773,56,45,0,11,0,0,0.05421364921003479,False,370
22775,57,46,0,11,0,0,0.05602446959651545,False,371
22776,54,43,0,11,0,0,0.05400442487281497,False,368
22778,47,36,0,11,0,0,0.07111330917476202,False,361
22779,49,38,0,11,0,0,0.051575664638436436,False,363
22780,49,38,0,11,0,0,0.05159886640158942,False,364
22781,49,39,0,10,0,0,0.05063289021758084,False,364
22784,50,39,0,11,0,0,0.05096412050954602,False,365
22785,48,37,0,11,0,0,0.04958068114724716,False,363
22791,51,40,0,10,0,1,0.054496158420383425,False,366
22795,41,36,0,5,0,0,0.11316992904943043,True,359
22796,48,48,0,0,0,0,0.19214699341398794,True,371
22797,49,49,0,0,0,0,0.1793883551341841,True,373
22798,50,50,0,0,0,0,0.18981893622354606,True,374
22800,50,50,0,0,0,0,0.18446665645541627,True,374
22802,50,50,0,0,0,0,0.19141818424224283,True,374
22803,50,50,0,0,0,0,0.1856956282083059,True,374
22804,50,50,0,0,0,0,0.18431239236695662,True,374
22806,55,55,0,0,0,0,0.18558913947086786,True,379
22809,55,55,0,0,0,0,0.19299821099339456,True,379
22811,55,55,0,0,0,0,0.17886585283537526,True,379
22812,55,55,0,0,0,0,0.18973890170848284,True,379
22823,3,3,0,0,0,0,0.17330312212262838,True,576
22824,3,3,0,0,0,0,0.17317305698529578,True,576
22825,3,3,0,0,0,0,0.19332980144904705,True,576
22826,3,3,0,0,0,0,0.22731994314554413,True,576
22827,3,3,0,0,0,0,0.26300692085235766,True,576
22829,3,3,0,0,0,0,0.26505785418016,True,576
22830,3,3,0,0,0,0,0.24636714495926115,True,576
22831,3,3,0,0,0,0,0.2554331418153702,True,576
22832,3,3,0,0,0,0,0.2650496206596834,True,576
22833,3,3,0,0,0,0,0.2522901814518911,True,576
22836,3,3,0,0,0,0,0.27006279401589034,True,576
22837,3,3,0,0,0,0,0.26056160798411565,True,576
22838,3,3,0,0,0,0,0.25533061235426524,True,576
22839,3,3,0,0,0,0,0.2674604075927916,True,576
22840,3,3,0,0,0,0,0.268425140977963,True,576
22841,3,3,0,0,0,0,0.2676873063354417,True,576
22842,3,2,0,0,0,1,0.23022675103218715,True,576
22843,3,3,0,0,0,0,0.25954773129069897,True,576
22845,3,3,0,0,0,0,0.2442103218060354,True,576
22846,3,3,0,0,0,0,0.2593490809180589,True,576
22847,3,3,0,0,0,0,0.260577094100484,True,576
22850,3,3,0,0,0,0,0.25923576060540376,True,576
22851,3,2,0,0,0,1,0.25795057534698407,True,576
22852,3,3,0,0,0,0,0.24616474348473213,True,576
22853,3,3,0,0,0,0,0.25961206407114235,True,576
22854,3,3,0,0,0,0,0.2512588554616465,True,576
22858,3,3,0,0,0,0,0.2515623058386065,True,576
22861,3,3,0,0,0,0,0.23755634084922594,True,576
22862,3,3,0,0,0,0,0.26167333781068847,True,576
22864,3,3,0,0,0,0,0.2554843729423161,True,576
22866,3,3,0,0,0,0,0.25938244402922706,True,576
22869,3,3,0,0,0,0,0.25936440833483876,True,576
22870,3,3,0,0,0,0,0.2583418570985341,True,576
22872,3,3,0,0,0,0,0.2580783954918571,True,576
22873,3,3,0,0,0,0,0.24334936209620475,True,576
22874,3,3,0,0,0,0,0.24995206815925913,True,576
22875,3,3,0,0,0,0,0.26171296807935984,True,576
22876,3,3,0,0,0,0,0.2635399758598034,True,576
22877,3,3,0,0,0,0,0.26582157599123957,True,576
22878,3,3,0,0,0,0,0.2685542303291613,True,576
22879,3,3,0,0,0,0,0.25950869612173244,True,576
22880,3,3,0,0,0,0,0.25644049512447686,True,576
22882,3,3,0,0,0,0,0.2655624686593486,True,576
22883,3,3,0,0,0,0,0.2575673991370116,True,576
22884,3,3,0,0,0,0,0.2516524504937928,True,576
22885,3,3,0,0,0,0,0.2648096911925261,True,576
22886,3,3,0,0,0,0,0.27192282128070155,True,576
22887,3,3,0,0,0,0,0.27135532381874367,True,576
22888,3,3,0,0,0,0,0.25719775991225374,True,576
22889,3,3,0,0,0,0,0.256096485327139,True,576
22890,3,3,0,0,0,0,0.263041802102897,True,576
22891,3,3,0,0,0,0,0.2557819128446154,True,576
22892,3,3,0,0,0,0,0.2684553186855658,True,576
22893,3,3,0,0,0,0,0.2593323192658254,True,576
22894,3,3,0,0,0,0,0.27281321956796445,True,576
22895,3,3,0,0,0,0,0.2651834957215901,True,576
22896,3,3,0,0,0,0,0.2597661902349094,True,576
22897,3,3,0,0,0,0,0.2637025675324087,True,576
22898,3,3,0,0,0,0,0.2554944561907189,True,576
22899,3,3,0,0,0,0,0.2525670531358184,True,576
22900,3,3,0,0,0,0,0.2599723679043022,True,576
22903,3,3,0,0,0,0,0.2597325581557872,True,576
22904,3,3,0,0,0,0,0.2653810675402517,True,576
22905,3,3,0,0,0,0,0.261230957852922,True,576
22906,3,3,0,0,0,0,0.26232024538591225,True,576
22907,3,3,0,0,0,0,0.25856691994391034,True,576
22909,3,3,0,0,0,0,0.2587543813714349,True,576
22910,3,3,0,0,0,0,0.2638900270035242,True,576
22911,3,3,0,0,0,0,0.2638993701393385,True,576
22912,3,3,0,0,0,0,0.26399228485101944,True,576
22915,17,3,0,0,0,14,0.07240492260632891,False,576
22916,3,3,0,0,0,0,0.15862778575394565,True,576
22919,3,3,0,0,0,0,0.2646655602410724,True,576
22920,3,3,0,0,0,0,0.27040783974425175,True,576
22922,3,3,0,0,0,0,0.2634208347405684,True,576
22925,3,3,0,0,0,0,0.26334302721177477,True,576
22926,3,3,0,0,0,0,0.2686232521240258,True,576
22927,3,3,0,0,0,0,0.24796068874759775,True,576
22928,3,3,0,0,0,0,0.264281346701689,True,576
22929,3,3,0,0,0,0,0.2655626502405608,True,576
22930,3,3,0,0,0,0,0.2524594708616267,True,576
22931,3,3,0,0,0,0,0.25520783117951706,True,576
22932,3,3,0,0,0,0,0.2687645678936893,True,576
22933,3,3,0,0,0,0,0.2521377232904724,True,576
22934,3,3,0,0,0,0,0.2620798477326465,True,576
22935,3,3,0,0,0,0,0.26592123643917853,True,576
22937,3,3,0,0,0,0,0.2562369326823738,True,576
22939,3,3,0,0,0,0,0.2520646555040973,True,576
22941,3,3,0,0,0,0,0.20411190200788698,True,576
22943,3,3,0,0,0,0,0.19770381012050625,True,576
22944,3,3,0,0,0,0,0.11597067268396882,True,576
22945,3,3,0,0,0,0,0.11539529318703015,True,576
22946,3,3,0,0,0,0,0.11571216040956409,True,576
22947,3,3,0,0,0,0,0.1171638560894319,True,576
22948,3,3,0,0,0,0,0.26790747920629887,True,576
22949,3,3,0,0,0,0,0.2525251939495681,True,576
22950,3,3,0,0,0,0,0.26431683416188,True,576
22951,3,3,0,0,0,0,0.2532228261352471,True,576
22952,3,3,0,0,0,0,0.24082420303109298,True,576
22953,3,3,0,0,0,0,0.25334099112364983,True,576
22954,3,3,0,0,0,0,0.2555595705388666,True,576
22955,3,3,0,0,0,0,0.26511405462757487,True,576
22956,3,3,0,0,0,0,0.2671625569289311,True,576
22957,3,3,0,0,0,0,0.26151472777000906,True,576
22959,3,3,0,0,0,0,0.2439750347574149,True,576
22960,3,3,0,0,0,0,0.26291440437965174,True,576
22963,3,3,0,0,0,0,0.2634145253798443,True,576
22964,3,3,0,0,0,0,0.258713481870964,True,576
22965,3,3,0,0,0,0,0.2616583910775788,True,576
22966,3,3,0,0,0,0,0.25965406414655195,True,576
22967,3,3,0,0,0,0,0.26270174967994886,True,576
22968,3,3,0,0,0,0,0.2515490932550922,True,576
22970,3,3,0,0,0,0,0.2559706820571349,True,576
22971,3,3,0,0,0,0,0.2565469823115398,True,576
22975,3,3,0,0,0,0,0.26388017943132236,True,576
22977,3,3,0,0,0,0,0.2678030222203872,True,576
22978,3,3,0,0,0,0,0.2678573233696292,True,576
22979,3,3,0,0,0,0,0.27126719389990905,True,576
22980,3,3,0,0,0,0,0.26355046331188725,True,576
22981,104,39,1,25,2,37,0.0016904036823112115,False,209
22982,4,3,0,1,0,0,0.11445803487891287,True,576
22983,5,3,0,1,1,0,0.10300413598647473,True,576
22984,5,3,0,1,1,0,0.10646826402311335,True,576
22985,5,3,0,1,1,0,0.10232710595349531,True,576
22988,110,44,2,26,1,37,0.002111812233237311,False,208
22989,109,43,1,25,2,38,0.002043209882585868,False,208
22990,3,3,0,0,0,0,0.10174145189102213,True,576
22991,3,3,0,0,0,0,0.0993796237912921,False,576
22992,3,3,0,0,0,0,0.09987774700028167,False,576
22994,3,3,0,0,0,0,0.09857346795576472,False,576
22995,3,3,0,0,0,0,0.1628154533618061,True,576
22996,3,3,0,0,0,0,0.165783245979992,True,576
22997,3,3,0,0,0,0,0.15798571362162175,True,576
23002,4,3,0,0,0,1,0.25506045029819835,True,576
23003,4,3,0,0,0,1,0.2511297936822793,True,576
23004,3,3,0,0,0,0,0.16316228284433323,True,576
23007,3,3,0,0,0,0,0.16647519584111736,True,576
23008,3,3,0,0,0,0,0.28612290956707825,True,576
23009,3,3,0,0,0,0,0.2741074780977172,True,576
23011,3,3,0,0,0,0,0.36364204042173354,True,576
23012,3,3,0,0,0,0,0.2041700661084756,True,576
23014,20,3,0,1,0,16,0.12496932730039542,True,576
23015,20,3,0,1,0,16,0.12713773743790072,True,576
23016,3,3,0,0,0,0,0.3029585818817002,True,576
23018,3,3,0,0,0,0,0.2797803914420717,True,576
23019,3,3,0,0,0,0,0.2705191694747897,True,576
23022,3,3,0,0,0,0,0.2677841137588475,True,576
23023,3,3,0,0,0,0,0.2687371185492978,True,576
23024,3,3,0,0,0,0,0.25746446976248993,True,576
23026,3,3,0,0,0,0,0.26570276182238295,True,576
23027,3,3,0,0,0,0,0.26594255245965825,True,576
23028,3,3,0,0,0,0,0.2671473368388406,True,576
23029,3,3,0,0,0,0,0.25108360107389366,True,576
23030,3,3,0,0,0,0,0.26796602023722216,True,576
23031,3,3,0,0,0,0,0.2649018509917658,True,576
23032,3,3,0,0,0,0,0.26686394573760175,True,576
23033,3,3,0,0,0,0,0.26750746354168164,True,576
23034,3,3,0,0,0,0,0.2697254326026823,True,576
23038,3,3,0,0,0,0,0.2649783147525482,True,576
23040,3,3,0,0,0,0,0.26760467116302933,True,576
23041,3,3,0,0,0,0,0.26570958784921245,True,576
23043,3,3,0,0,0,0,0.2643198589474514,True,576
23044,3,3,0,0,0,0,0.2614077212791432,True,576
23045,3,3,0,0,0,0,0.2663539261129476,True,576
23046,3,3,0,0,0,0,0.2695068738295609,True,576
23047,3,3,0,0,0,0,0.25210324736530443,True,576
23048,3,3,0,0,0,0,0.26823586027161633,True,576
23049,3,3,0,0,0,0,0.26940429300463165,True,576
23050,3,3,0,0,0,0,0.26600186534839204,True,576
23051,3,3,0,0,0,0,0.26587399747231644,True,576
23052,26,3,0,1,0,22,0.07584450126836945,False,576
23053,3,3,0,0,0,0,0.1610375401317462,True,576
23054,3,3,0,0,0,0,0.15541079079442366,True,576
23055,56,3,0,0,0,53,0.13931511558850168,True,576
23056,3,3,0,0,0,0,0.26101168021272736,True,576
23057,3,3,0,0,0,0,0.27218887525591806,True,576
23060,3,3,0,0,0,0,0.18622433450061973,True,576
23061,3,3,0,0,0,0,0.190557246004315,True,576
