layer_number,wire,run_start,run_end,n_runs,status
1,1,21632,21632,1,outlier
1,1,21697,21697,1,outlier
1,2,21632,21632,1,outlier
1,2,21697,21697,1,outlier
1,4,21458,21569,60,low/dead
1,4,21677,21677,1,low/dead
1,4,21697,21697,1,low/dead
1,4,21781,21794,7,low/dead
1,4,21797,21840,13,low/dead
1,4,21886,21886,1,low/dead
1,4,22734,22736,3,low/dead
1,5,21458,21569,60,low/dead
1,5,21662,21662,1,low/dead
1,5,21676,21679,4,low/dead
1,5,21695,21695,1,low/dead
1,5,21697,21697,1,low/dead
1,5,21711,21711,1,low/dead
1,5,21726,21726,1,low/dead
1,5,21732,21739,7,low/dead
1,5,21741,21741,1,low/dead
1,5,21744,21744,1,low/dead
1,5,21749,21840,36,low/dead
1,5,21861,21861,1,low/dead
1,5,21886,21886,1,low/dead
1,5,22732,22736,4,hot
1,6,22133,22133,1,low/dead
1,9,21458,21459,2,outlier
1,9,21494,21648,54,low/dead
1,9,21676,21677,2,low/dead
1,9,21695,21695,1,low/dead
1,9,21697,21697,1,low/dead
1,9,21744,21744,1,low/dead
1,9,21781,21807,16,low/dead
1,9,22806,22812,4,low/dead
1,10,21494,21525,23,low/dead
1,10,21552,21648,27,low/dead
1,10,21662,21679,13,low/dead
1,10,21687,21807,68,low/dead
1,10,22732,22812,5,low/dead
1,15,22014,22014,1,low/dead
1,15,22018,22018,1,low/dead
1,15,22025,22027,3,low/dead
1,15,22050,22052,3,low/dead
1,15,22055,22055,1,low/dead
1,15,22061,22133,50,low/dead
1,15,22736,22812,12,low/dead
1,16,22006,22019,10,low/dead
1,16,22022,22027,4,low/dead
1,16,22031,22031,1,low/dead
1,16,22033,22033,1,low/dead
1,16,22037,22046,10,low/dead
1,16,22050,22056,6,low/dead
1,16,22061,22129,49,low/dead
1,16,22734,22812,14,low/dead
1,19,22543,22812,134,low/dead
1,20,21552,21562,7,low/dead
1,20,21651,21652,2,low/dead
1,20,21655,21657,2,low/dead
1,20,21671,21676,4,low/dead
1,20,21678,21689,9,low/dead
1,20,21692,21693,2,low/dead
1,20,21700,21712,5,low/dead
1,20,21729,21795,33,low/dead
1,20,22543,22708,118,low/dead
1,20,23055,23055,1,outlier
1,21,21552,21563,8,low/dead
1,21,21655,21747,61,low/dead
1,21,21783,21836,10,low/dead
1,21,22796,22812,11,low/dead
1,21,23055,23055,1,outlier
1,25,21914,22129,163,low/dead
1,25,23055,23055,1,outlier
1,26,23055,23055,1,outlier
1,30,21604,21604,1,outlier
1,30,21813,21813,1,low/dead
1,30,22735,22736,2,low/dead
1,31,21697,21697,1,low/dead
1,31,21813,21813,1,low/dead
1,31,22734,22736,3,low/dead
1,37,21850,21850,1,hot
1,38,21843,21909,40,hot
1,41,21542,21909,181,low/dead
1,41,22732,22812,16,low/dead
1,42,21567,21851,128,low/dead
1,42,22732,22812,16,low/dead
1,43,22050,22050,1,outlier
1,43,22055,22055,1,outlier
1,46,21430,23061,837,always low
1,47,21430,21430,1,hot
1,47,21551,21652,62,low/dead
2,1,21551,21807,110,low/dead
2,5,21458,21569,60,low/dead
2,5,21813,21840,5,outlier
2,5,21886,21886,1,low/dead
2,5,22732,22736,4,low/dead
2,6,21458,21569,61,low/dead
2,6,21813,21840,5,outlier
2,6,21886,21886,1,low/dead
2,6,22732,22736,4,low/dead
2,7,21458,21569,60,low/dead
2,7,21813,21840,5,outlier
2,7,21886,21886,1,low/dead
2,7,22732,22736,4,hot
2,11,21494,21494,1,low/dead
2,11,21582,21649,21,low/dead
2,11,21676,21677,2,low/dead
2,11,21691,21697,7,low/dead
2,11,21705,21711,3,low/dead
2,11,21726,21726,1,low/dead
2,11,21732,21739,7,low/dead
2,11,21741,21741,1,low/dead
2,11,21744,21744,1,low/dead
2,11,21749,21766,9,low/dead
2,11,21769,21769,1,low/dead
2,11,21774,21807,17,low/dead
2,11,22732,22812,6,low/dead
2,12,21513,21516,3,low/dead
2,12,21563,21652,52,low/dead
2,12,21654,21654,1,low/dead
2,12,21660,21660,1,low/dead
2,12,21662,21668,4,low/dead
2,12,21670,21671,2,low/dead
2,12,21676,21677,2,low/dead
2,12,21687,21807,68,low/dead
2,12,22734,22812,5,low/dead
2,13,21781,21807,15,low/dead
2,13,21865,21901,16,low/dead
2,13,22734,22812,5,low/dead
2,17,21813,21813,1,outlier
2,17,22050,22052,3,low/dead
2,17,22055,22055,1,low/dead
2,17,22061,22112,35,low/dead
2,17,22116,22117,2,low/dead
2,17,22120,22129,7,low/dead
2,17,22735,22812,14,low/dead
2,18,22050,22052,3,low/dead
2,18,22055,22055,1,low/dead
2,18,22060,22060,1,outlier
2,18,22065,22086,17,low/dead
2,18,22089,22091,2,low/dead
2,18,22093,22093,1,low/dead
2,18,22097,22097,1,low/dead
2,18,22100,22100,1,low/dead
2,18,22103,22103,1,low/dead
2,18,22734,22812,15,low/dead
2,19,21813,21813,1,outlier
2,19,22006,22046,33,low/dead
2,19,22050,22129,59,low/dead
2,19,22735,22812,14,low/dead
2,21,22543,22812,134,low/dead
2,22,22543,22812,134,low/dead
2,23,22543,22812,134,low/dead
2,23,23055,23055,1,outlier
2,24,21563,21565,3,outlier
2,24,21568,21571,3,outlier
2,24,21654,21654,1,outlier
2,24,21657,21657,1,outlier
2,24,21682,21682,1,low/dead
2,24,21731,21732,2,low/dead
2,24,21738,21738,1,low/dead
2,24,21746,21746,1,low/dead
2,24,21783,21949,37,hot
2,24,21951,21975,21,hot
2,24,21977,21992,11,hot
2,24,21996,22047,41,hot
2,24,22051,22054,3,hot
2,24,22056,22133,55,hot
2,24,22138,22497,249,hot
2,24,22499,22542,25,hot
2,24,22545,22547,3,low/dead
2,24,22613,22708,65,low/dead
2,24,22795,22823,13,low/dead
2,24,22825,22825,1,hot
2,24,22827,22836,7,hot
2,24,22838,22841,4,hot
2,24,22850,22850,1,hot
2,24,22853,22853,1,hot
2,24,22858,22858,1,hot
2,24,22864,22864,1,hot
2,24,22870,22870,1,hot
2,24,22874,22874,1,hot
2,24,22877,22877,1,hot
2,24,22879,22879,1,hot
2,24,22886,22886,1,hot
2,24,22892,22892,1,hot
2,24,22894,22895,2,hot
2,24,22916,22916,1,hot
2,24,22928,22929,2,hot
2,24,22931,22932,2,hot
2,24,22935,22935,1,hot
2,24,22941,22943,2,hot
2,24,22975,22975,1,hot
2,24,22995,22995,1,hot
2,24,23002,23003,2,hot
2,24,23007,23012,5,hot
2,24,23016,23022,4,hot
2,24,23024,23024,1,hot
2,24,23028,23028,1,hot
2,24,23032,23038,4,hot
2,24,23044,23045,2,hot
2,24,23048,23048,1,hot
2,24,23050,23050,1,hot
2,24,23053,23053,1,hot
2,24,23055,23061,5,hot
2,25,21563,21654,10,low/dead
2,25,21657,21657,1,low/dead
2,25,21680,21680,1,low/dead
2,25,21682,21682,1,low/dead
2,25,21729,21836,44,low/dead
2,25,22736,22812,11,low/dead
2,25,23055,23055,1,outlier
2,26,21552,21563,8,low/dead
2,26,21580,21580,1,low/dead
2,26,21582,21582,1,low/dead
2,26,21589,21606,13,low/dead
2,26,21628,21642,10,low/dead
2,26,21651,21654,4,low/dead
2,26,21657,21657,1,low/dead
2,26,21671,21671,1,outlier
2,26,21675,21675,1,outlier
2,26,21678,21680,3,outlier
2,26,21682,21685,3,low/dead
2,26,21700,21700,1,low/dead
2,26,21756,21836,6,low/dead
2,26,22795,22795,1,hot
2,26,23055,23055,1,outlier
2,29,23055,23055,1,outlier
2,30,21813,21909,24,low/dead
2,30,23055,23055,1,outlier
2,31,21813,21909,45,hot
2,31,22735,22812,14,hot
2,31,23055,23055,1,outlier
2,32,21586,21587,2,hot
2,32,21590,21590,1,hot
2,32,21604,21604,1,hot
2,32,21626,21626,1,hot
2,32,22736,22812,13,hot
2,32,23055,23055,1,outlier
2,34,21813,21834,3,low/dead
2,34,21840,21840,1,low/dead
2,36,21604,21604,1,outlier
2,36,21797,21909,53,low/dead
2,36,22735,22736,2,low/dead
2,37,22734,22736,3,low/dead
2,38,21604,21604,1,outlier
2,38,21813,21813,1,low/dead
2,38,22734,22736,3,low/dead
2,40,21843,21909,40,hot
2,48,21552,21562,7,hot
2,48,21632,21632,1,hot
2,48,21676,21677,2,hot
2,48,21697,21697,1,hot
2,49,21465,21909,230,low/dead
2,49,22734,22796,5,hot
2,49,22800,22800,1,hot
2,49,22811,22811,1,hot
2,50,21465,21468,2,low/dead
2,50,21489,21909,215,low/dead
2,50,22734,22736,3,low/dead
2,51,21464,21909,229,low/dead
2,51,22732,22812,16,low/dead
2,54,21430,23061,831,always low
2,55,21430,23061,823,always low
2,56,21551,21652,62,low/dead
3,1,21632,21632,1,outlier
3,1,21697,21697,1,outlier
3,2,21632,21632,1,outlier
3,4,21458,21626,76,low/dead
3,4,21813,21840,5,outlier
3,4,21886,21886,1,low/dead
3,4,22735,22736,2,low/dead
3,5,21430,21626,91,low/dead
3,5,21781,21782,2,low/dead
3,5,21813,21840,5,outlier
3,5,21861,21861,1,low/dead
3,5,21886,21886,1,low/dead
3,5,22732,22736,4,low/dead
3,6,21458,21582,63,low/dead
3,6,21813,21840,5,outlier
3,6,21861,21861,1,low/dead
3,6,21886,21886,1,low/dead
3,6,22732,22736,4,low/dead
3,9,21843,21860,11,hot
3,9,21862,21888,15,hot
3,9,21895,21898,4,hot
3,9,21902,21909,6,hot
3,10,21458,21652,108,low/dead
3,10,21677,21677,1,low/dead
3,10,21695,21695,1,low/dead
3,10,21697,21697,1,low/dead
3,10,21744,21744,1,low/dead
3,10,21781,21813,17,low/dead
3,10,22732,22812,16,low/dead
3,11,21460,21652,105,low/dead
3,11,21677,21677,1,low/dead
3,11,21697,21697,1,low/dead
3,11,21781,21807,16,low/dead
3,11,22732,22812,13,low/dead
3,12,21458,21652,109,low/dead
3,12,21676,21677,2,low/dead
3,12,21694,21697,4,low/dead
3,12,21709,21711,2,low/dead
3,12,21732,21739,7,low/dead
3,12,21741,21741,1,low/dead
3,12,21744,21744,1,low/dead
3,12,21749,21764,8,low/dead
3,12,21769,21769,1,low/dead
3,12,21774,21807,17,low/dead
3,12,22734,22812,15,low/dead
3,13,21468,21652,103,low/dead
3,13,21677,21677,1,low/dead
3,13,21695,21695,1,low/dead
3,13,21697,21697,1,low/dead
3,13,21744,21744,1,low/dead
3,13,21781,21884,19,low/dead
3,13,22732,22812,15,low/dead
3,17,21813,21840,2,low/dead
3,17,22050,22052,3,low/dead
3,17,22055,22055,1,low/dead
3,17,22060,22129,50,low/dead
3,17,22736,22812,12,low/dead
3,18,21813,21813,1,outlier
3,18,22050,22052,3,low/dead
3,18,22055,22055,1,low/dead
3,18,22060,22120,44,low/dead
3,18,22125,22127,3,low/dead
3,18,22734,22812,14,low/dead
3,19,22050,22052,3,low/dead
3,19,22055,22055,1,low/dead
3,19,22060,22129,50,low/dead
3,19,22735,22812,14,low/dead
3,23,21563,21654,33,low/dead
3,23,21657,21657,1,low/dead
3,23,21680,21680,1,low/dead
3,23,21682,21682,1,low/dead
3,23,21729,21836,44,low/dead
3,23,23055,23055,1,outlier
3,24,21458,21657,70,low/dead
3,24,21682,21682,1,low/dead
3,24,21729,21836,44,low/dead
3,24,23055,23055,1,outlier
3,25,21552,21562,7,low/dead
3,25,21680,21680,1,low/dead
3,25,21682,21682,1,low/dead
3,25,21729,21836,44,low/dead
3,25,22736,22812,12,low/dead
3,25,23055,23055,1,outlier
3,26,23055,23055,1,outlier
3,27,21884,21884,1,outlier
3,29,22795,22795,1,hot
3,29,23055,23055,1,outlier
3,30,21813,21909,43,low/dead
3,30,22006,22129,93,low/dead
3,30,22795,22795,1,hot
3,30,23055,23055,1,outlier
3,31,21843,21909,38,low/dead
3,31,22795,22812,12,low/dead
3,31,23055,23055,1,outlier
3,34,21813,21843,6,low/dead
3,34,21861,21861,1,low/dead
3,34,21875,21875,1,low/dead
3,34,21877,21877,1,low/dead
3,34,21880,21880,1,low/dead
3,34,21888,21909,14,low/dead
3,35,21782,21909,60,low/dead
3,35,22732,22736,4,low/dead
3,36,22735,22736,2,low/dead
3,37,22734,22736,3,low/dead
3,43,21850,21850,1,hot
3,43,21884,21884,1,outlier
3,43,22795,22812,12,low/dead
3,47,21697,21697,1,outlier
3,48,21494,21909,217,low/dead
3,48,22734,22795,4,hot
3,49,21458,21909,237,low/dead
3,49,22732,22812,16,low/dead
3,50,21563,21909,184,low/dead
3,50,22732,22812,16,low/dead
3,53,21582,21587,4,low/dead
3,56,21430,23061,842,always low
4,1,21551,21562,8,hot
4,1,21632,21632,1,hot
4,1,21676,21677,2,hot
4,1,21697,21697,1,hot
4,1,21744,21744,1,outlier
4,2,21632,21632,1,outlier
4,2,21697,21697,1,outlier
4,5,21886,21886,1,low/dead
4,6,21465,21626,85,low/dead
4,6,21813,21840,5,outlier
4,6,21886,21886,1,low/dead
4,6,22736,22736,1,outlier
4,8,21458,21626,87,low/dead
4,8,21813,21840,5,outlier
4,8,21886,21886,1,low/dead
4,8,22735,22736,2,outlier
4,13,21460,21481,13,low/dead
4,13,21483,21652,100,low/dead
4,13,21697,21697,1,low/dead
4,13,21781,21807,16,low/dead
4,14,21465,21471,4,low/dead
4,14,21499,21652,91,low/dead
4,14,21697,21697,1,low/dead
4,14,21781,21807,16,low/dead
4,14,22732,22812,16,low/dead
4,15,21380,21652,110,low/dead
4,15,21676,21677,2,low/dead
4,15,21687,21807,68,low/dead
4,20,21380,21380,1,hot
4,21,22050,22052,3,low/dead
4,21,22055,22055,1,low/dead
4,21,22060,22129,50,low/dead
4,21,22795,22812,12,low/dead
4,22,22050,22052,3,low/dead
4,22,22055,22055,1,low/dead
4,22,22060,22112,36,low/dead
4,22,22116,22117,2,low/dead
4,22,22127,22127,1,low/dead
4,22,22795,22812,12,low/dead
4,24,21604,21604,1,outlier
4,24,21813,21884,6,low/dead
4,24,22050,22052,3,low/dead
4,24,22055,22055,1,low/dead
4,24,22060,22129,50,low/dead
4,24,22735,22812,14,low/dead
4,29,21464,21475,8,low/dead
4,29,21478,21478,1,low/dead
4,29,21481,21655,101,low/dead
4,29,21682,21682,1,low/dead
4,29,21729,21743,12,low/dead
4,29,21745,21754,5,low/dead
4,29,21768,21773,4,low/dead
4,29,21782,21813,16,low/dead
4,29,22735,22812,12,low/dead
4,29,23055,23055,1,outlier
4,30,21458,21657,110,low/dead
4,30,21682,21682,1,low/dead
4,30,21729,21836,44,low/dead
4,30,22796,22812,11,low/dead
4,30,23055,23055,1,outlier
4,31,21464,21465,2,low/dead
4,31,21551,21657,66,low/dead
4,31,21682,21682,1,low/dead
4,31,21729,21807,43,low/dead
4,31,22796,22812,11,low/dead
4,31,23055,23055,1,outlier
4,32,21564,21655,48,low/dead
4,32,21682,21682,1,low/dead
4,32,21729,21754,18,low/dead
4,32,21767,21774,6,low/dead
4,32,21782,21836,12,low/dead
4,32,22795,22812,12,low/dead
4,32,23055,23055,1,outlier
4,33,23055,23055,1,outlier
4,36,23055,23055,1,outlier
4,37,23055,23055,1,outlier
4,38,23055,23055,1,outlier
4,39,21499,21781,170,low/dead
4,39,21783,21784,2,hot
4,39,21794,21795,2,hot
4,39,21801,21807,6,hot
4,39,21834,21834,1,low/dead
4,39,21847,21874,16,low/dead
4,39,21876,21876,1,low/dead
4,39,21879,21879,1,low/dead
4,39,21881,21909,18,low/dead
4,39,21932,21932,1,outlier
4,39,21976,21976,1,outlier
4,39,21980,21980,1,outlier
4,39,21993,21995,3,outlier
4,39,22014,22014,1,low/dead
4,39,22018,22018,1,low/dead
4,39,22025,22027,3,low/dead
4,39,22038,22038,1,low/dead
4,39,22050,22055,5,low/dead
4,39,22061,22842,477,hot
4,39,22851,22851,1,hot
4,39,22853,22897,34,hot
4,39,22899,22900,2,hot
4,39,22905,22905,1,hot
4,39,22909,22910,2,hot
4,39,22912,22920,4,hot
4,39,22926,22932,7,hot
4,39,22934,22935,2,hot
4,39,22941,22941,1,hot
4,39,22944,22957,14,hot
4,39,22960,22975,10,hot
4,39,22978,22985,7,hot
4,39,23004,23012,6,hot
4,39,23016,23023,5,hot
4,39,23026,23029,4,hot
4,39,23031,23038,5,hot
4,39,23041,23041,1,hot
4,39,23044,23055,11,hot
4,39,23057,23061,3,hot
4,40,23055,23055,1,outlier
4,41,23055,23055,1,outlier
4,42,21855,21859,5,low/dead
4,42,21862,21862,1,low/dead
4,42,21865,21871,2,low/dead
4,45,22732,22736,4,low/dead
4,46,21813,21903,18,low/dead
4,46,22732,22736,4,low/dead
4,47,21552,21558,5,low/dead
4,47,21797,21909,53,low/dead
4,48,21813,21813,1,low/dead
4,48,22732,22736,4,low/dead
4,61,21551,21807,156,low/dead
4,61,22732,22812,16,low/dead
4,62,21564,21652,52,low/dead
4,62,21874,21874,1,low/dead
4,62,21877,21909,21,low/dead
4,62,22735,22735,1,low/dead
4,62,22795,22795,1,hot
4,63,21475,21475,1,outlier
4,63,21543,21849,153,low/dead
4,63,22735,22735,1,outlier
4,64,21551,21652,62,low/dead
4,64,22732,22812,16,low/dead
4,65,21551,21795,138,low/dead
4,66,21551,21795,138,low/dead
4,66,22050,22050,1,outlier
4,66,22055,22055,1,outlier
4,67,21430,23061,831,always low
4,68,21551,21795,128,low/dead
4,69,21563,21648,48,low/dead
4,70,21563,21632,20,low/dead
4,71,21551,21795,121,hot
4,72,21551,21807,146,low/dead
5,1,21552,21562,7,hot
5,1,21632,21632,1,hot
5,1,21677,21677,1,outlier
5,1,21697,21697,1,hot
5,2,21632,21632,1,outlier
5,2,21697,21697,1,outlier
5,4,21632,21632,1,outlier
5,5,21430,23061,976,always low
5,6,21571,21649,44,low/dead
5,6,21813,21840,5,outlier
5,6,21886,21886,1,low/dead
5,7,21458,21652,116,low/dead
5,7,21781,21782,2,low/dead
5,7,21813,21874,22,low/dead
5,7,21876,21876,1,low/dead
5,7,21879,21879,1,low/dead
5,7,21881,21886,3,low/dead
5,7,22736,22736,1,low/dead
5,8,21627,21652,18,low/dead
5,8,21813,21840,5,outlier
5,8,21886,21886,1,low/dead
5,12,22736,22812,13,low/dead
5,13,21458,21649,114,low/dead
5,13,21653,21653,1,outlier
5,13,21671,21671,1,outlier
5,13,21697,21697,1,outlier
5,13,22732,22812,16,low/dead
5,14,21458,21652,116,low/dead
5,14,21677,21677,1,outlier
5,14,21697,21697,1,low/dead
5,14,21781,21787,5,low/dead
5,14,21797,21807,8,low/dead
5,15,21813,21813,1,low/dead
5,20,21380,21383,2,low/dead
5,22,22050,22052,3,low/dead
5,22,22055,22055,1,low/dead
5,22,22060,22060,1,outlier
5,22,22065,22086,17,low/dead
5,22,22089,22091,2,low/dead
5,22,22093,22093,1,low/dead
5,22,22097,22097,1,low/dead
5,22,22100,22100,1,low/dead
5,22,22103,22103,1,low/dead
5,23,21458,21543,54,hot
5,23,21563,21652,54,hot
5,23,21676,21677,2,low/dead
5,23,21697,21697,1,low/dead
5,23,21744,21744,1,low/dead
5,23,21781,21794,7,low/dead
5,23,21797,21807,8,low/dead
5,23,21833,21909,44,low/dead
5,23,22732,22732,1,hot
5,23,22795,22812,12,low/dead
5,24,22050,22052,3,low/dead
5,24,22055,22055,1,low/dead
5,24,22060,22133,51,low/dead
5,24,22795,22812,12,low/dead
5,28,21813,21847,7,low/dead
5,28,21850,21884,22,low/dead
5,28,21888,21909,14,low/dead
5,28,23055,23055,1,outlier
5,29,21520,21520,1,outlier
5,29,21836,21836,1,hot
5,29,23055,23055,1,outlier
5,30,21520,21520,1,low/dead
5,30,21525,21655,68,low/dead
5,30,21682,21682,1,low/dead
5,30,21729,21754,18,low/dead
5,30,21767,21774,6,low/dead
5,30,21782,21807,11,low/dead
5,30,23055,23055,1,outlier
5,31,21430,21465,6,outlier
5,31,21551,21655,65,low/dead
5,31,21682,21682,1,low/dead
5,31,21729,21743,12,low/dead
5,31,21745,21754,5,low/dead
5,31,21768,21773,4,low/dead
5,31,21782,21909,60,low/dead
5,31,22796,22812,11,low/dead
5,31,23055,23055,1,outlier
5,32,21520,21520,1,outlier
5,32,21813,21813,1,outlier
5,32,22735,22735,1,outlier
5,32,22796,22812,11,low/dead
5,32,23055,23055,1,outlier
5,33,22133,22133,1,outlier
5,36,21813,21909,45,low/dead
5,36,23055,23055,1,outlier
5,37,23055,23055,1,outlier
5,38,21551,21781,141,hot
5,38,21833,21840,4,low/dead
5,38,21847,21909,39,low/dead
5,38,21980,21980,1,outlier
5,38,21994,21994,1,outlier
5,38,22006,22046,33,low/dead
5,38,22050,22129,59,low/dead
5,38,22823,22838,13,hot
5,38,22840,22841,2,hot
5,38,22853,22858,3,hot
5,38,22862,22869,4,hot
5,38,22872,22874,3,hot
5,38,22876,22888,12,hot
5,38,22890,22894,5,hot
5,38,22900,22900,1,hot
5,38,22916,22916,1,hot
5,38,22926,22927,2,hot
5,38,22934,22935,2,hot
5,38,22955,22955,1,hot
5,38,22960,22963,2,hot
5,38,22968,22968,1,hot
5,38,22979,22979,1,hot
5,38,23011,23011,1,hot
5,38,23016,23038,16,hot
5,38,23041,23041,1,hot
5,38,23044,23045,2,hot
5,38,23047,23061,12,hot
5,39,22795,23061,185,low/dead
5,40,22795,22795,1,low/dead
5,40,23055,23055,1,outlier
5,43,21813,21840,5,low/dead
5,46,21551,21562,8,low/dead
5,46,21604,21611,4,low/dead
5,46,21632,21632,1,low/dead
5,46,21642,21648,5,low/dead
5,46,21652,21652,1,low/dead
5,46,21676,21677,2,low/dead
5,46,22732,22734,2,outlier
5,47,21458,21465,5,outlier
5,47,21552,21562,7,low/dead
5,47,21632,21632,1,outlier
5,47,21649,21651,2,outlier
5,47,21676,21677,2,low/dead
5,47,21697,21697,1,low/dead
5,47,21744,21744,1,low/dead
5,47,21781,21909,61,low/dead
5,48,21552,21562,7,low/dead
5,48,21632,21632,1,outlier
5,48,21649,21651,2,outlier
5,48,21676,21677,2,low/dead
5,48,21697,21697,1,low/dead
5,48,21744,21744,1,low/dead
5,48,21781,21909,61,low/dead
5,60,21632,21632,1,outlier
5,60,21697,21697,1,outlier
5,61,21551,21807,156,low/dead
5,61,22735,22735,1,low/dead
5,62,21563,21909,187,low/dead
5,62,22735,22735,1,low/dead
5,63,21551,21909,188,low/dead
5,63,22734,22812,15,low/dead
5,64,21551,21909,190,low/dead
5,64,22735,22735,1,hot
5,68,21602,21602,1,low/dead
5,69,21563,21634,40,low/dead
5,70,21563,21633,30,low/dead
5,70,21886,21886,1,hot
5,71,21551,21652,55,low/dead
5,72,21551,21795,120,hot
6,1,21632,21632,1,outlier
6,2,21632,21632,1,outlier
6,5,22133,22133,1,outlier
6,6,22133,22133,1,outlier
6,14,21877,21877,1,outlier
6,22,22498,22498,1,outlier
6,26,21847,21884,2,low/dead
6,27,21833,21882,28,low/dead
6,27,21886,21909,15,low/dead
6,32,21676,21677,2,low/dead
6,32,21697,21697,1,low/dead
6,32,21847,21849,2,hot
6,32,21855,21874,12,hot
6,32,21876,21909,22,hot
6,33,21662,21807,87,low/dead
6,33,23055,23055,1,outlier
6,34,21520,21520,1,outlier
6,34,21662,21712,33,low/dead
6,34,21725,21726,2,low/dead
6,34,21736,21736,1,low/dead
6,34,21739,21739,1,low/dead
6,34,21741,21741,1,low/dead
6,34,21744,21744,1,low/dead
6,34,21755,21755,1,low/dead
6,34,21766,21766,1,low/dead
6,34,21769,21769,1,low/dead
6,34,21774,21774,1,low/dead
6,34,21795,21799,3,low/dead
6,34,21833,21833,1,low/dead
6,34,21840,21840,1,low/dead
6,34,23055,23055,1,outlier
6,35,21520,21520,1,low/dead
6,35,21541,21541,1,outlier
6,35,21543,21563,10,low/dead
6,35,21582,21582,1,outlier
6,35,21662,21678,12,low/dead
6,35,21680,21680,1,low/dead
6,35,21682,21685,3,low/dead
6,35,21687,21689,2,low/dead
6,35,21697,21709,4,low/dead
6,35,21712,21712,1,low/dead
6,35,21744,21744,1,low/dead
6,35,21749,21774,15,low/dead
6,35,21787,21787,1,low/dead
6,35,22736,22812,12,low/dead
6,35,23055,23055,1,outlier
6,36,21464,21468,3,low/dead
6,36,21481,21482,2,outlier
6,36,21520,21520,1,low/dead
6,36,21551,21655,65,low/dead
6,36,21682,21682,1,low/dead
6,36,21729,21743,12,low/dead
6,36,21745,21749,4,low/dead
6,36,21768,21770,3,low/dead
6,36,21783,21909,59,low/dead
6,36,23055,23055,1,outlier
6,37,21520,21520,1,outlier
6,37,21676,21677,2,low/dead
6,37,21697,21697,1,low/dead
6,37,21744,21744,1,low/dead
6,37,23055,23055,1,outlier
6,38,21520,21520,1,outlier
6,38,21551,21655,65,low/dead
6,38,21682,21682,1,low/dead
6,38,21729,21756,20,low/dead
6,38,21766,21774,7,low/dead
6,38,21782,21849,13,low/dead
6,38,23055,23055,1,outlier
6,39,21813,21882,29,low/dead
6,39,21886,21909,15,low/dead
6,39,23055,23055,1,outlier
6,40,21833,21840,4,low/dead
6,40,21849,21849,1,low/dead
6,40,21855,21855,1,low/dead
6,43,23055,23055,1,outlier
6,44,23055,23055,1,outlier
6,45,23055,23055,1,outlier
6,47,23055,23055,1,outlier
6,48,23055,23055,1,outlier
6,54,21833,21860,15,low/dead
6,54,21862,21877,8,low/dead
6,54,21880,21882,3,low/dead
6,54,21886,21888,2,low/dead
6,54,21896,21898,3,low/dead
6,54,21902,21902,1,low/dead
6,54,21905,21909,4,low/dead
6,55,22734,22736,3,low/dead
6,61,21430,23061,1003,always low
6,68,21632,21632,1,outlier
6,69,21632,21632,1,outlier
6,71,21632,21632,1,outlier
6,71,21843,21860,11,low/dead
6,71,21862,21877,8,low/dead
6,71,21880,21882,3,low/dead
6,71,21886,21893,3,low/dead
6,71,21896,21898,3,low/dead
6,71,21902,21902,1,low/dead
6,71,21905,21909,4,low/dead
6,72,21552,21562,7,hot
6,72,21632,21632,1,outlier
6,72,21677,21677,1,outlier
6,72,21697,21697,1,outlier
6,73,21551,21807,156,low/dead
6,73,22735,22735,1,hot
6,74,21551,21807,156,low/dead
6,74,22735,22735,1,hot
6,75,21551,21562,8,hot
6,75,21632,21632,1,hot
6,75,21676,21677,2,hot
6,75,21697,21697,1,hot
6,75,22735,22735,1,hot
6,76,21551,21553,3,hot
6,76,21558,21562,3,hot
6,76,21604,21604,1,hot
6,76,21632,21632,1,outlier
6,76,21653,21807,94,low/dead
6,76,22735,22735,1,hot
6,77,21459,21459,1,outlier
6,77,21464,21465,2,low/dead
6,77,21482,21482,1,outlier
6,77,21551,21909,197,low/dead
6,77,22735,22735,1,hot
6,78,22133,22133,1,outlier
6,83,21563,21632,25,low/dead
6,84,21563,21632,23,low/dead
6,87,21551,21807,153,low/dead
7,1,21551,21636,51,hot
7,1,21640,21652,9,hot
7,1,21676,21677,2,hot
7,1,21697,21697,1,hot
7,1,21744,21744,1,hot
7,1,22133,22133,1,outlier
7,1,22498,22498,1,low/dead
7,3,23014,23015,2,outlier
7,4,22498,22498,1,low/dead
7,17,22795,22812,12,low/dead
7,21,22498,22498,1,outlier
7,24,22498,22498,1,low/dead
7,29,21813,21882,29,low/dead
7,29,21886,21909,15,low/dead
7,35,21520,21520,1,outlier
7,35,21813,21813,1,outlier
7,35,21836,21836,1,outlier
7,35,23014,23015,2,outlier
7,36,21520,21520,1,outlier
7,36,21836,21836,1,hot
7,36,23014,23015,2,outlier
7,37,21520,21520,1,outlier
7,37,21813,21813,1,outlier
7,37,21836,21836,1,outlier
7,37,23014,23015,2,outlier
7,38,21520,21520,1,outlier
7,38,21836,21836,1,hot
7,38,22982,22994,8,hot
7,38,23002,23003,2,outlier
7,38,23014,23015,2,hot
7,38,23053,23053,1,outlier
7,38,23055,23055,1,hot
7,38,23057,23057,1,outlier
7,39,21520,21520,1,outlier
7,39,21836,21836,1,hot
7,39,23014,23015,2,outlier
7,39,23055,23055,1,outlier
7,40,22498,22498,1,outlier
7,41,21813,21909,45,low/dead
7,42,23014,23015,2,outlier
7,43,22498,22498,1,low/dead
7,54,21465,21465,1,hot
7,55,21465,21465,1,hot
7,56,21465,21465,1,hot
7,57,21465,21465,1,hot
7,58,21465,21465,1,hot
7,69,22498,22498,1,low/dead
7,71,22498,22498,1,low/dead
7,72,22498,22498,1,low/dead
7,73,22735,22735,1,outlier
7,74,21551,21562,8,hot
7,74,21632,21632,1,hot
7,74,21697,21697,1,outlier
7,74,22735,22735,1,outlier
7,75,21551,21565,11,hot
7,75,21567,21567,1,hot
7,75,21571,21573,3,hot
7,75,21575,21575,1,hot
7,75,21580,21596,13,hot
7,75,21598,21599,2,hot
7,75,21604,21604,1,hot
7,75,21611,21611,1,hot
7,75,21632,21632,1,hot
7,75,21677,21677,1,hot
7,75,21697,21697,1,hot
7,75,21843,21860,11,low/dead
7,75,21862,21877,8,low/dead
7,75,21880,21882,3,low/dead
7,75,21886,21888,2,low/dead
7,75,21896,21898,3,low/dead
7,75,21902,21902,1,low/dead
7,75,21905,21909,4,low/dead
7,75,22735,22735,1,outlier
7,76,21552,21562,7,hot
7,76,21632,21632,1,hot
7,76,21677,21677,1,outlier
7,76,21697,21697,1,outlier
7,76,22735,22735,1,outlier
7,77,21551,21807,156,hot
7,77,22735,22735,1,outlier
7,78,21582,21807,98,low/dead
7,79,21582,21807,89,low/dead
7,80,21582,21807,91,low/dead
7,81,21653,21807,91,low/dead
7,82,21662,21807,73,low/dead
7,83,21582,21807,82,low/dead
7,84,21582,21807,96,low/dead
7,85,21582,21807,98,low/dead
7,86,21582,21807,91,low/dead
7,86,21836,21836,1,low/dead
7,86,21843,21860,11,low/dead
7,86,21862,21877,8,low/dead
7,86,21880,21882,3,low/dead
7,86,21886,21888,2,low/dead
7,86,21896,21898,3,low/dead
7,86,21905,21909,4,low/dead
7,87,21582,21807,98,low/dead
7,87,22133,22133,1,low/dead
8,1,23014,23015,2,outlier
8,2,22498,22498,1,low/dead
8,2,23014,23015,2,outlier
8,3,23014,23015,2,outlier
8,4,22825,22825,1,outlier
8,4,23014,23015,2,outlier
8,5,22498,22498,1,low/dead
8,5,22825,22825,1,outlier
8,5,23002,23002,1,outlier
8,5,23014,23015,2,outlier
8,6,23014,23015,2,outlier
8,7,23014,23015,2,outlier
8,22,22498,22498,1,outlier
8,24,22498,22498,1,low/dead
8,27,21813,21813,1,outlier
8,27,21834,21834,1,low/dead
8,28,21834,21834,1,low/dead
8,32,23014,23015,2,outlier
8,33,23014,23015,2,outlier
8,38,21520,21520,1,low/dead
8,38,21836,21836,1,outlier
8,39,21520,21520,1,outlier
8,39,21836,21836,1,outlier
8,40,21520,21520,1,outlier
8,40,21836,21836,1,outlier
8,40,23014,23015,2,outlier
8,41,21520,21520,1,low/dead
8,41,21836,21836,1,outlier
8,42,21520,21520,1,low/dead
8,42,21836,21836,1,outlier
8,43,21520,21520,1,outlier
8,43,21836,21836,1,outlier
8,43,23014,23015,2,outlier
8,44,22498,22498,1,outlier
8,44,22613,22613,1,low/dead
8,44,22636,22650,8,low/dead
8,44,22652,22652,1,low/dead
8,44,22654,22664,8,low/dead
8,44,22668,22671,4,low/dead
8,44,22676,22676,1,low/dead
8,44,22679,22679,1,low/dead
8,44,22682,22682,1,low/dead
8,44,22686,22686,1,low/dead
8,44,22693,22693,1,low/dead
8,44,22795,22812,12,low/dead
8,46,22498,22498,1,low/dead
8,49,22498,22498,1,low/dead
8,57,22133,22133,1,outlier
8,58,22133,22133,1,outlier
8,61,21465,21465,1,hot
8,62,21465,21465,1,hot
8,63,21465,21465,1,hot
8,64,21465,21465,1,hot
8,65,21465,21465,1,hot
8,66,21465,21465,1,hot
8,77,22498,22498,1,outlier
8,79,22498,22498,1,low/dead
8,80,22588,22708,84,low/dead
8,80,22795,22812,12,low/dead
8,87,21551,21681,84,hot
8,87,21684,21697,12,hot
8,87,21705,21712,4,hot
8,87,21744,21744,1,hot
8,88,21653,21807,88,low/dead
8,89,21662,21807,83,low/dead
8,90,21662,21807,78,low/dead
8,91,21662,21807,73,low/dead
8,92,21662,21807,73,low/dead
8,93,21662,21807,78,low/dead
8,94,21662,21807,74,low/dead
8,95,21662,21807,75,low/dead
8,96,21582,21807,78,low/dead
8,97,21582,21807,91,low/dead
8,98,21582,21807,95,low/dead
8,99,21551,21634,49,hot
8,99,21642,21652,8,hot
8,99,21677,21677,1,hot
8,99,21697,21697,1,hot
8,99,22498,22498,1,outlier
8,99,23014,23015,2,outlier
